Id,SalePrice
1,165628.203125
2,159461.09375
3,159489.46875
4,164140.40625
5,187521.65625
6,229197.671875
7,165754.328125
8,173450.390625
9,196816.828125
10,144783.578125
11,96608.3203125
12,155632.859375
13,266568.25
14,145385.390625
15,121680.0859375
16,171021.265625
17,256015.5625
18,110709.375
19,201149.03125
20,193679.34375
21,158020.6875
22,178579.046875
23,140231.59375
24,183371.125
25,134763.625
26,215859.484375
27,235330.921875
28,186981.359375
29,139543.453125
30,205888.59375
31,164696.578125
32,131073.796875
33,144420.453125
34,142744.421875
35,200708.828125
36,130942.4375
37,212760.078125
38,153337.328125
39,138166.4375
40,182785.921875
41,231261.09375
42,115850.421875
43,124638.5
44,128814.2734375
45,165157.875
46,176943.890625
47,127379.3203125
48,155686.5625
49,161979.546875
50,192814.3125
51,188227.828125
52,199617.03125
53,94528.65625
54,157909.46875
55,190607.15625
56,177136.96875
57,151775.953125
58,174428.609375
59,139945.0625
60,145779.359375
61,183016.296875
62,207459.140625
63,119353.828125
64,226179.703125
65,155479.96875
66,138421.25
67,223752.71875
68,189932.515625
69,123567.671875
70,182734
71,130787.546875
72,181206.109375
73,179250.9375
74,98815.609375
75,161559.96875
76,256136.828125
77,235658.484375
78,124099.2265625
79,121415.078125
80,138191.765625
81,166657.6875
82,220412.421875
83,205985.46875
84,146906.71875
85,185739.5
86,221910.234375
87,141812.96875
88,184919.625
89,116348.671875
90,160160.21875
91,149304.5625
92,236553.484375
93,166737.5625
94,118853.4609375
95,176336.71875
96,150587.71875
97,169772.8125
98,208107.84375
99,190718.609375
100,184886.03125
101,197700.765625
102,157617.0625
103,180854.484375
104,197334.34375
105,125131.0625
106,174382.3125
107,178595.125
108,132381.546875
109,157610.21875
110,127628.125
111,104298.9609375
112,193486.1875
113,139308.828125
114,144932.4375
115,171776.3125
116,144503.5
117,133218.921875
118,131732.765625
119,192710.796875
120,155416.515625
121,168910.328125
122,135755.65625
123,179283.171875
124,215426.0625
125,161719.03125
126,177713.703125
127,170631.609375
128,138451.546875
129,211770.796875
130,190648.03125
131,142282.53125
132,212683.078125
133,170533.8125
134,119884.84375
135,205333.5
136,128650.7734375
137,221825.453125
138,160635.65625
139,160101.484375
140,195649.0625
141,178465.078125
142,155220.578125
143,296248.0625
144,171642.125
145,196089.125
146,246551.21875
147,145219.078125
148,155762.65625
149,148802.234375
150,169214.640625
151,211949.625
152,196642.890625
153,105446.875
154,183940.46875
155,165385.390625
156,140421.015625
157,225332.75
158,223859.421875
159,116885.953125
160,206236.875
161,136137.109375
162,157348.078125
163,284971.96875
164,188945.484375
165,126077.75
166,208220.359375
167,184816.375
168,182996.6875
169,123845.5703125
170,164584.03125
171,155248.59375
172,195436.234375
173,220293.28125
174,192190.828125
175,179229.765625
176,269877.15625
177,204181.828125
178,194578.171875
179,200790.203125
180,194939.734375
181,121475.0078125
182,150457.84375
183,178303.53125
184,153669.140625
185,174096.609375
186,195170.578125
187,178228.640625
188,121535.375
189,218246.3125
190,138218.8125
191,145570.109375
192,197500.046875
193,156935.21875
194,248898.046875
195,142271.0625
196,173971.359375
197,210824.171875
198,188443.609375
199,240472.359375
200,150542.765625
201,171114.8125
202,151365.890625
203,220697.625
204,181683.546875
205,141866.171875
206,243632.265625
207,175852.921875
208,175294.390625
209,161775.34375
210,142023.3125
211,274952.375
212,122711.34375
213,172158.984375
214,159602.828125
215,128029.609375
216,187122.4375
217,156596.03125
218,224361.453125
219,192316.296875
220,211767.578125
221,144821.84375
222,215401.015625
223,138555.296875
224,242187.125
225,138336.171875
226,156853.953125
227,115764.5234375
228,200739.4375
229,152369.8125
230,147274.09375
231,182273.65625
232,138011.4375
233,132275.890625
234,165636.703125
235,153802.375
236,141671.25
237,164709.140625
238,138559.421875
239,126935.28125
240,196689.296875
241,159167.59375
242,110936.1484375
243,223573.203125
244,164268.734375
245,170669.609375
246,160368.90625
247,192924.375
248,198639.25
249,161536.9375
250,358258.28125
251,205235.28125
252,159106.734375
253,183950.4375
254,172195.296875
255,168345.171875
256,198546.140625
257,152989.734375
258,184231.25
259,157279.671875
260,147883.609375
261,191751.796875
262,214265.96875
263,149139.625
264,149151.40625
265,249996.421875
266,139310.703125
267,139499.734375
268,128168.46875
269,116955.3125
270,157324.046875
271,209987.390625
272,184798.484375
273,185809.671875
274,177407.59375
275,147105.40625
276,87074.125
277,164394.203125
278,177410.84375
279,198385.890625
280,223679.65625
281,135939.25
282,175222.125
283,130742.9296875
284,177400.28125
285,217386.234375
286,212759.65625
287,200892.21875
288,164892.0625
289,243838.859375
290,219312.203125
291,212732.3125
292,228579.34375
293,186890.359375
294,224962.90625
295,170365.03125
296,162249.21875
297,165280
298,191560.5
299,169991.515625
300,134148.796875
301,213209.171875
302,202054.875
303,187381.734375
304,163489.296875
305,173756.21875
306,208710.125
307,121602.671875
308,180278.40625
309,158787.203125
310,187986.5
311,115329.390625
312,176515.078125
313,148128.03125
314,164319.25
315,129613.4140625
316,262366.59375
317,142748.4375
318,136017.9375
319,146007.109375
320,171542.984375
321,196146.984375
322,130224.671875
323,208324.140625
324,165924.90625
325,171011.5
326,178193.40625
327,192430.5625
328,120218.9453125
329,150727.265625
330,180734.46875
331,202814.921875
332,164313.140625
333,148425.609375
334,79436.4765625
335,234855.3125
336,165284.328125
337,133592.25
338,189833.359375
339,142331.859375
340,228190.953125
341,194015.890625
342,210122.265625
343,142224.90625
344,153126.265625
345,318539.59375
346,245138.40625
347,171702.34375
348,116727.8671875
349,180854.8125
350,89370.84375
351,160045.765625
352,176469.71875
353,103636.828125
354,126767
355,183655.859375
356,180315.96875
357,246827.875
358,144010.28125
359,153694.34375
360,233061.40625
361,172062.96875
362,241139.328125
363,172212.734375
364,148176.390625
365,150553.75
366,136659.890625
367,130319.765625
368,197400.625
369,154709.53125
370,218306.671875
371,114960.84375
372,130766.0234375
373,109083.078125
374,221853.828125
375,139160.828125
376,141470.0625
377,170902.8125
378,158414.703125
379,113981.765625
380,161100.953125
381,146165.859375
382,129314.7734375
383,165954.34375
384,200453.15625
385,174708.53125
386,154970.46875
387,184392.640625
388,196818.015625
389,226494.671875
390,245799.296875
391,150323.015625
392,121620.4375
393,249432.015625
394,157211.09375
395,90549.1015625
396,188994.03125
397,157429.96875
398,137045.1875
399,170946.703125
400,164011.96875
401,194230.90625
402,156371.109375
403,176196.765625
404,192982.078125
405,148670.984375
406,135122.8125
407,133882.125
408,118236.421875
409,193413.4375
410,184302.671875
411,213099.546875
412,190896.359375
413,176925.109375
414,149009.640625
415,149677.046875
416,195783.640625
417,169049.03125
418,114791.2734375
419,203188.4375
420,192995.46875
421,155345.046875
422,98980.40625
423,246272.828125
424,217631.703125
425,93085.5625
426,229174.65625
427,149498.96875
428,159497.796875
429,169703.6875
430,155060.640625
431,118860.3984375
432,143716.328125
433,121932.90625
434,201261.1875
435,138027.765625
436,127472.0859375
437,165818.796875
438,128800.421875
439,166982.578125
440,170774.9375
441,189005.21875
442,177363.5625
443,258123.25
444,165291.21875
445,188581.015625
446,178919.59375
447,190234.140625
448,139563.765625
449,141381.765625
450,153310.125
451,186172.578125
452,141819.46875
453,159067.203125
454,152332.1875
455,171709.046875
456,192888.640625
457,123215.4140625
458,186606
459,154265.28125
460,141030.171875
461,170194.625
462,165071.078125
463,157521.4375
464,179255.234375
465,233853.59375
466,161684.890625
467,178970.53125
468,193874.359375
469,146437.28125
470,170233.078125
471,163913.265625
472,198951.5
473,194812.609375
474,145079.171875
475,150346.625
476,134212.890625
477,185022.078125
478,163800.015625
479,121570.328125
480,141804.828125
481,161945.078125
482,227051.078125
483,149114.078125
484,201848.796875
485,157782.6875
486,180104.671875
487,182520.875
488,135571.5625
489,168741.578125
490,181252.140625
491,229413.984375
492,163017.578125
493,184693.140625
494,141462.3125
495,155578.171875
496,171775.875
497,132534.96875
498,121663.6171875
499,140899.53125
500,241939.65625
501,217079.390625
502,209981.828125
503,142736.21875
504,175375.390625
505,184574.84375
506,121580.4453125
507,193510.625
508,196088.03125
509,231153.328125
510,140985.453125
511,191353.734375
512,196702.53125
513,130828.5625
514,168323.15625
515,135545.21875
516,160449.78125
517,160876.8125
518,221482.390625
519,187102.109375
520,137646.0625
521,155913.40625
522,130346
523,171016.40625
524,143737.9375
525,214230.28125
526,219776.578125
527,276750.96875
528,190846.609375
529,166549.5
530,104037.8515625
531,155308.265625
532,152915.453125
533,245635.640625
534,133156.375
535,185970.859375
536,133445.234375
537,170887.875
538,192258.359375
539,146213.359375
540,190064.140625
541,139633.3125
542,171579.203125
543,201403.796875
544,165422.34375
545,151853.46875
546,197995.03125
547,195171.8125
548,187633.5
549,190321.0625
550,185591.265625
551,159067.921875
552,131702
553,211626.59375
554,186398.921875
555,170261.953125
556,190115.328125
557,244100.625
558,171847.1875
559,169898.875
560,133635.140625
561,173827.140625
562,136484.359375
563,192600.1875
564,183847.84375
565,166835.171875
566,141608.265625
567,185463.875
568,163815.78125
569,191046.28125
570,132689.953125
571,106274.6953125
572,186712.6875
573,208867.84375
574,173687.171875
575,181189.8125
576,194556.5
577,170648.5625
578,176561.71875
579,115166.875
580,154370.78125
581,119385.0859375
582,166275.03125
583,151577.625
584,126668.4921875
585,138830.546875
586,132206.390625
587,170946.078125
588,183182.1875
589,203445
590,188614.453125
591,232856.5625
592,180309.796875
593,199335.703125
594,210024.546875
595,186394.390625
596,188846.3125
597,124056.40625
598,135478.78125
599,178103.375
600,189116.4375
601,177365.28125
602,190092.390625
603,140978.96875
604,208014.15625
605,340868.65625
606,195208.265625
607,179244.453125
608,150888.03125
609,222858.984375
610,192991.4375
611,209146.609375
612,189824.328125
613,195657.625
614,133659.5
615,151275.5625
616,170626.9375
617,172417.40625
618,132708.125
619,166296.171875
620,158444.3125
621,211759.125
622,198907.375
623,234008.875
624,185783.640625
625,211691.8125
626,134091.703125
627,167109.5625
628,198213.734375
629,154526.296875
630,304822.9375
631,226837.859375
632,184496.5
633,141662.265625
634,193734.046875
635,151286.75
636,138208.34375
637,146880.3125
638,139973.0625
639,167841.40625
640,96717.078125
641,179547.5625
642,112486.2890625
643,167049.171875
644,229993.34375
645,170021.1875
646,160731.359375
647,165558.75
648,157564.046875
649,200679.796875
650,140834.3125
651,145353.03125
652,178613.84375
653,145556.734375
654,110460.4921875
655,154039.171875
656,178915.09375
657,136658.046875
658,234359.640625
659,211967.109375
660,125495.8125
661,143276.578125
662,139193.578125
663,163715.265625
664,176361.875
665,256013.171875
666,190485.171875
667,138034.859375
668,144994.84375
669,219779.140625
670,220065.265625
671,202706.140625
672,226643.5625
673,167254.859375
674,145113.65625
675,171320.34375
676,223824.21875
677,170147.921875
678,167013.5625
679,123536.6484375
680,186791.71875
681,98171.046875
682,152333.234375
683,277377.5625
684,105775.0234375
685,137858.890625
686,201298.078125
687,129195.078125
688,223086.8125
689,185899.78125
690,164534.546875
691,248493
692,131890.84375
693,170768.53125
694,181341.234375
695,159329.25
696,133708.578125
697,254968.828125
698,239166
699,106417.09375
700,82267.265625
701,202997.75
702,149235.375
703,168467.78125
704,146517.34375
705,216185.609375
706,125093.96875
707,138914.5
708,109794.1015625
709,175464.03125
710,112833.859375
711,198811.859375
712,193627.0625
713,178274.28125
714,123381.859375
715,140241.640625
716,127474.40625
717,207674.65625
718,167778.46875
719,195339.71875
720,161304.65625
721,149316.828125
722,114527.015625
723,166004.234375
724,206823.953125
725,163118.4375
726,191901.25
727,147741.984375
728,122078.5546875
729,113326.1640625
730,130630.4296875
731,199023.578125
732,220030.453125
733,159147.171875
734,148465.046875
735,162894.234375
736,168361.59375
737,136379.28125
738,204874.71875
739,162298.4375
740,173845.4375
741,193748.390625
742,160918.828125
743,163933.9375
744,338601.59375
745,156538.125
746,134979.359375
747,209308.03125
748,180172.78125
749,190757.828125
750,158116.234375
751,313563.46875
752,134271.28125
753,185070.1875
754,136423.5625
755,213241.359375
756,199989.484375
757,178458.921875
758,131317.359375
759,248099.09375
760,175096.890625
761,185327.859375
762,155249.96875
763,153640.953125
764,147700.421875
765,205363.734375
766,153317.625
767,175988.203125
768,209443.375
769,205625.65625
770,148891.125
771,133477.953125
772,165250.84375
773,194420.171875
774,153075.578125
775,220327.890625
776,183749.46875
777,180222.6875
778,189615.984375
779,192351.421875
780,223317.09375
781,101253.7109375
782,205459.046875
783,160434.140625
784,215162.40625
785,176445.015625
786,250578.765625
787,181966.984375
788,166625.40625
789,163299.6875
790,137319.25
791,119375.1484375
792,117997.5
793,145425.78125
794,185227.390625
795,179596.1875
796,117388.71875
797,160003.265625
798,239402.640625
799,149920.421875
800,187218.140625
801,132923
802,150019.390625
803,156450.453125
804,181355.4375
805,130840.3828125
806,155469.796875
807,146708.375
808,174033.578125
809,168263.03125
810,189864.78125
811,195352.4375
812,154608.71875
813,268508.375
814,111915.3671875
815,160543.71875
816,175453.78125
817,123317.2265625
818,177051.96875
819,180666.109375
820,171109.75
821,221304.40625
822,132128.25
823,209280.640625
824,150644.28125
825,138132.734375
826,176544.8125
827,246901.859375
828,188698.28125
829,231107.953125
830,174724.671875
831,151517.75
832,143902.1875
833,142303.515625
834,187669.421875
835,140958.25
836,198749.15625
837,260508.109375
838,191952.25
839,141671.28125
840,211411.640625
841,152832.9375
842,180154.46875
843,182266.96875
844,172210.46875
845,200138.25
846,182665.859375
847,130076.390625
848,167097.1875
849,199592.59375
850,139080.171875
851,126238.7421875
852,202550.890625
853,188302.140625
854,137618.203125
855,113833.7421875
856,153692.6875
857,221173.734375
858,161006.0625
859,124103.234375
860,201127.1875
861,162427.171875
862,176170.796875
863,173028.84375
864,171278.53125
865,157133.203125
866,159033.515625
867,344270.15625
868,103144.5703125
869,170326.109375
870,221680.953125
871,178537.890625
872,122865.390625
873,168322.578125
874,190564.171875
875,181228.125
876,138503.3125
877,124457.453125
878,166367.84375
879,119542.609375
880,151435.5
881,149700.15625
882,183158.015625
883,188579.640625
884,123105.53125
885,215053.15625
886,189783.015625
887,131556.515625
888,166384.234375
889,144603.0625
890,164257.515625
891,194004.734375
892,155566.328125
893,214893.796875
894,127741.90625
895,236117.390625
896,146878.515625
897,178774.65625
898,219848.25
899,227252.328125
900,187639.890625
901,238093.40625
902,209593.515625
903,133669.921875
904,168206.25
905,188953.34375
906,150886.40625
907,207370.65625
908,138585.859375
909,151767.828125
910,162426.0625
911,154246.5625
912,108961.953125
913,175644.015625
914,190835.46875
915,229421.75
916,188435.28125
917,142565.109375
918,163366.890625
919,200081.796875
920,146820.34375
921,200212.109375
922,145352.078125
923,191464.203125
924,162157.34375
925,118278.4140625
926,130694.2890625
927,205176.28125
928,147423.625
929,144391.375
930,195937.234375
931,160812.265625
932,119341.1484375
933,224940.546875
934,120872.0859375
935,129133.1953125
936,152989.296875
937,188164.296875
938,87794.5234375
939,152775.375
940,167836.265625
941,194415.4375
942,129982.3125
943,134994.046875
944,132743.90625
945,134007.03125
946,115144.5546875
947,200782.578125
948,196207.5
949,173822.828125
950,136184.78125
951,138675.234375
952,172270
953,138133.890625
954,222079.203125
955,209810.171875
956,117826.8203125
957,157734.921875
958,154740.59375
959,179723.4375
960,214597.25
961,113938.5078125
962,182507.421875
963,128890.125
964,197432.5625
965,207910.703125
966,203019.09375
967,178776.984375
968,171718.84375
969,165121.5625
970,125189.8671875
971,122515.2890625
972,269669.625
973,76327.53125
974,148435.3125
975,174163.953125
976,202017.515625
977,124570.4609375
978,142309.96875
979,173457.734375
980,134234.328125
981,125036.28125
982,152182.421875
983,161458.3125
984,323480.53125
985,195380.515625
986,220012.546875
987,202016.734375
988,169254.59375
989,177233.625
990,175043.796875
991,216387.328125
992,183087.015625
993,129160.5390625
994,228320.40625
995,207196.890625
996,181005.484375
997,135554.953125
998,125070.84375
999,156648.671875
1000,176452.96875
1001,200817.75
1002,119752.9375
1003,156826.71875
1004,201496.28125
1005,152701.65625
1006,189396.375
1007,192271.0625
1008,225557.484375
1009,105811.4609375
1010,189498.078125
1011,167812.765625
1012,123921.125
1013,130303.8125
1014,112707.3359375
1015,174452.78125
1016,150207.140625
1017,160497.78125
1018,202914.25
1019,163418.734375
1020,184618.078125
1021,144620.375
1022,134563.421875
1023,167894.75
1024,115874.59375
1025,139043.75
1026,160893.609375
1027,169681.375
1028,174438.078125
1029,157967.65625
1030,162486.375
1031,151152.453125
1032,165489.453125
1033,138932.796875
1034,148199.6875
1035,170883.734375
1036,199051.671875
1037,197523.859375
1038,148832.921875
1039,193366.609375
1040,131471.421875
1041,162414.734375
1042,264559.1875
1043,192157.6875
1044,128323.9375
1045,182571
1046,225205.28125
1047,141557.65625
1048,96511.140625
1049,147398.03125
1050,186854.59375
1051,152769.96875
1052,176873.265625
1053,165092.3125
1054,151546.828125
1055,143206.984375
1056,189689.53125
1057,190208.4375
1058,165509.75
1059,143242.171875
1060,192470.234375
1061,190526.921875
1062,254777.734375
1063,151361.640625
1064,141992.015625
1065,162246.453125
1066,139808.21875
1067,175337.078125
1068,175817.890625
1069,192351.625
1070,161217.3125
1071,165253.484375
1072,126273.2734375
1073,215213.625
1074,175029.78125
1075,212415.796875
1076,147778.234375
1077,138117.453125
1078,149616.21875
1079,140943.015625
1080,237174.015625
1081,127673.3984375
1082,164683.09375
1083,180524.625
1084,153579.921875
1085,131606.921875
1086,276272.90625
1087,238710.984375
1088,176345.015625
1089,179553.453125
1090,157688.453125
1091,163568.390625
1092,187498.578125
1093,186403.90625
1094,116613.34375
1095,161748.9375
1096,107000.4375
1097,178991.015625
1098,227228
1099,175782.046875
1100,125641.1796875
1101,288934.15625
1102,163855.28125
1103,211568.5
1104,167031.1875
1105,177989.421875
1106,223472.703125
1107,131027.7890625
1108,95921.34375
1109,148501.125
1110,269509.03125
1111,145572.375
1112,144791.203125
1113,165127.71875
1114,122519.8515625
1115,149013.859375
1116,238311.125
1117,132155.71875
1118,155488.390625
1119,218204.0625
1120,188266.25
1121,160361.5
1122,133450.953125
1123,198437.921875
1124,180109.71875
1125,135777.890625
1126,240430.875
1127,127514.203125
1128,133813.046875
1129,144445.46875
1130,225836.71875
1131,164392.078125
1132,241824.21875
1133,211158.28125
1134,188096.1875
1135,183608.953125
1136,179827.3125
1137,146982.015625
1138,174917.359375
1139,181034.703125
1140,179711.921875
1141,202960.1875
1142,177072.703125
1143,127621.5703125
1144,144993.8125
1145,205923.1875
1146,196916.515625
1147,131878.65625
1148,191293.8125
1149,154214.375
1150,152612.796875
1151,115459.4765625
1152,121548.7265625
1153,182662.015625
1154,152601.46875
1155,192196.0625
1156,157864.140625
1157,153418.96875
1158,185698.078125
1159,172003.90625
1160,113193.375
1161,135590.59375
1162,209287.21875
1163,181747.03125
1164,162089.546875
1165,245970.34375
1166,181979.625
1167,133568.5
1168,243548.046875
1169,196143.234375
1170,198842.453125
1171,107656.5859375
1172,127638.8125
1173,235241.921875
1174,261685.59375
1175,181827.359375
1176,191544.265625
1177,157576.65625
1178,191184.078125
1179,143152.53125
1180,213396.703125
1181,184513.390625
1182,152656.453125
1183,158324.84375
1184,151017.015625
1185,143899.734375
1186,134827.265625
1187,233238.21875
1188,133686.6875
1189,157265.390625
1190,180451.5
1191,192940.21875
1192,132164.578125
1193,139244.71875
1194,151523.1875
1195,159135.84375
1196,142795.734375
1197,150540.734375
1198,202004.171875
1199,124610.5078125
1200,173685.203125
1201,140849.015625
1202,145324.859375
1203,111681.203125
1204,126871.03125
1205,179202.21875
1206,133265.6875
1207,174067.203125
1208,183969.59375
1209,153632.9375
1210,87532.5703125
1211,181276.0625
1212,178971.421875
1213,130834.0390625
1214,199610.96875
1215,161793.84375
1216,167862
1217,159083.03125
1218,169224.375
1219,164799.421875
1220,160716.125
1221,149954.484375
1222,184302.34375
1223,149898.1875
1224,143264.046875
1225,160911.25
1226,154859.140625
1227,186996.6875
1228,156776.546875
1229,163390.296875
1230,263645.21875
1231,161818.9375
1232,119313.546875
1233,161301.203125
1234,160562.0625
1235,144243.890625
1236,108006.5234375
1237,103806.375
1238,151482.75
1239,305858.1875
1240,200171.609375
1241,115015.9765625
1242,140407.828125
1243,172781.3125
1244,192558.78125
1245,181527.421875
1246,212225.171875
1247,199884.765625
1248,173086.59375
1249,121437.3984375
1250,184513.1875
1251,208075.296875
1252,187631.75
1253,175189.359375
1254,195734.03125
1255,201703.546875
1256,139945.21875
1257,223344.828125
1258,127916.296875
1259,202286.375
1260,176679.375
1261,170699.984375
1262,181518.4375
1263,152517.984375
1264,146095.859375
1265,172809.6875
1266,165466.15625
1267,182576.28125
1268,204914.78125
1269,166153.375
1270,163461.34375
1271,155290.71875
1272,147331.890625
1273,200550.21875
1274,119032.515625
1275,258856.3125
1276,176487
1277,214631.15625
1278,139616.171875
1279,172334.21875
1280,261377.9375
1281,203624.703125
1282,175527.203125
1283,157339.109375
1284,172410.53125
1285,198576
1286,156847.96875
1287,149628.34375
1288,180093.265625
1289,132022.4375
1290,99834.328125
1291,159371.0625
1292,132668.03125
1293,101279.703125
1294,175455.875
1295,169878.03125
1296,196163.859375
1297,144710.828125
1298,199483.46875
1299,128476.6953125
1300,159827.703125
1301,141961.359375
1302,154026.28125
1303,123229.28125
1304,180641.984375
1305,198690.640625
1306,113146.734375
1307,214664.90625
1308,163422.84375
1309,137931.8125
1310,178015.375
1311,179312.28125
1312,199602.046875
1313,220787.28125
1314,166128.921875
1315,178733.453125
1316,108370.3359375
1317,151617.65625
1318,173114.296875
1319,151192.703125
1320,181941.875
1321,214900
1322,146713.234375
1323,252508.171875
1324,141088.65625
1325,198539
1326,189967.09375
1327,167596.15625
1328,199592.6875
1329,179700.296875
1330,155143.828125
1331,172205.09375
1332,245962.109375
1333,170389.40625
1334,223181.171875
1335,192677.21875
1336,128100.8984375
1337,175075.921875
1338,195102.828125
1339,182996.34375
1340,200638.71875
1341,226423.578125
1342,180815.328125
1343,216906.890625
1344,138527.640625
1345,180892.5
1346,153921.3125
1347,122079.0234375
1348,178085.65625
1349,155493.5
1350,202728.953125
1351,203146.3125
1352,162709.765625
1353,176331.984375
1354,145362.109375
1355,184393.453125
1356,234066.578125
1357,158329.078125
1358,116669.25
1359,144245.859375
1360,216279.875
1361,116444.2578125
1362,270150.25
1363,122369.3203125
1364,264025.4375
1365,200007.90625
1366,125300.1796875
1367,134818.34375
1368,162384.890625
1369,229749.9375
1370,128817.1328125
1371,229196.5
1372,145203.546875
1373,193249.421875
1374,122651.4296875
1375,166787.609375
1376,165853.203125
1377,194538.234375
1378,150231.859375
1379,162498.90625
1380,142141.8125
1381,91528.828125
1382,159790.171875
1383,146666.796875
1384,163564.515625
1385,150048.765625
1386,193203.109375
1387,196687.5625
1388,235235.625
1389,184764.28125
1390,188068
1391,171921.71875
1392,189029.375
1393,189404.046875
1394,199076.140625
1395,133372.0625
1396,134452.625
1397,154615.703125
1398,177402.125
1399,124568.2734375
1400,146752.203125
1401,169936.71875
1402,233153.6875
1403,193728.78125
1404,144840.484375
1405,132336.234375
1406,127277.234375
1407,248706.875
1408,244489.609375
1409,166468.0625
1410,172110.421875
1411,222459.21875
1412,98257.3359375
1413,194908.3125
1414,178215.890625
1415,185928.546875
1416,118492.265625
1417,148829.703125
1418,163202.671875
1419,233138.1875
1420,193903.734375
1421,189226.546875
1422,251307.609375
1423,198914.8125
1424,159774.765625
1425,144134.375
1426,124606.4453125
1427,167151.078125
1428,131804.1875
1429,126054.4921875
1430,171855.875
1431,111454.59375
1432,183855.8125
1433,133088.03125
1434,150978.65625
1435,169782.921875
1436,225959.984375
1437,190015.40625
1438,182292.21875
1439,140815.25
1440,209493.5
1441,128602.953125
1442,248303.5625
1443,204927.953125
1444,157015.640625
1445,135418.375
1446,290093.15625
1447,117079.8125
1448,176466.953125
1449,188276.203125
1450,139680.6875
1451,182999.03125
1452,281118.03125
1453,236782.84375
1454,193465
1455,123408.7109375
1456,176448.984375
1457,116080.4375
1458,184752.265625
1459,156069.15625
1460,123746.234375
1461,83469.8984375
1462,183072.984375
1463,177748.09375
1464,184547.203125
1465,125632.765625
1466,187303.75
1467,150957.765625
1468,169487.734375
1469,167710.09375
1470,146727.4375
1471,232863.90625
1472,125806.8984375
1473,174259.953125
1474,198923.796875
1475,204427.0625
1476,120149.8359375
1477,173595.171875
1478,171792.359375
1479,165528.5625
1480,215130.53125
1481,207999.515625
1482,196156.8125
1483,223655.65625
1484,144582.84375
1485,122365.4765625
1486,150952.171875
1487,139142.265625
1488,201322.109375
1489,155123.25
1490,192154.15625
1491,124590.8828125
1492,205829.984375
1493,160080.140625
1494,124023.6015625
1495,94171.890625
1496,145367.515625
1497,243717.515625
1498,145260.328125
1499,143232.5
1500,168536.96875
1501,264634.5
1502,171630.75
1503,170320.984375
1504,174476.5
1505,180845.15625
1506,186278.1875
1507,143083.1875
1508,159218.53125
1509,166121.515625
1510,162680.703125
1511,247487.125
1512,154553.28125
1513,188221.140625
1514,180140.03125
1515,192759
1516,149891.515625
1517,180408.5625
1518,187135.796875
1519,107907.9453125
1520,194865.890625
1521,229949.015625
1522,99618.6484375
1523,173550.09375
1524,149375.59375
1525,232390.234375
1526,132643.375
1527,164030.984375
1528,180766.046875
1529,129126.3359375
1530,212849.484375
1531,196034.6875
1532,199846.46875
1533,181242.359375
1534,185806.609375
1535,164597.21875
1536,182865.6875
1537,198622.890625
1538,172256.171875
1539,241571.421875
1540,114832.859375
1541,147827.671875
1542,163838.09375
1543,156915.671875
1544,179500.6875
1545,184727.75
1546,190611.84375
1547,181390.515625
1548,151426.703125
1549,148188.9375
1550,130649.046875
1551,181402.546875
1552,187173.609375
1553,196107.375
1554,182164.8125
1555,180221.640625
1556,142460.140625
1557,145045.796875
1558,240967.421875
1559,171513.21875
1560,174910.640625
1561,177230.046875
1562,159088.328125
1563,164809.15625
1564,165172
1565,128420.71875
1566,169633.90625
1567,149324.625
1568,167672.703125
1569,181754.390625
1570,191910.078125
1571,188757.90625
1572,137554.859375
1573,173338.3125
1574,154011.90625
1575,213285.046875
1576,202079.921875
1577,160000.96875
1578,206858.125
1579,123279.546875
1580,211423.015625
1581,220089.234375
1582,184571.421875
1583,136930.578125
1584,155200.90625
1585,196652.453125
1586,144978.421875
1587,216249.15625
1588,142980.703125
1589,190840.953125
1590,161502.453125
1591,171511.3125
1592,162671.8125
1593,217249.328125
1594,152579.203125
1595,151032.125
1596,186157.796875
1597,172567.5625
1598,133940.46875
1599,139343.171875
1600,149621.21875
1601,175414.34375
1602,124845.5
1603,192582.9375
1604,156594.8125
1605,158748.59375
1606,228780.953125
1607,249257.84375
1608,124187.2890625
1609,203636.515625
1610,97566.21875
1611,122297.4765625
1612,178286.578125
1613,183381.40625
1614,119287.3828125
1615,180821.453125
1616,146325.34375
1617,185832.53125
1618,112492.46875
1619,248838.015625
1620,132404.5625
1621,172519.109375
1622,192210.6875
1623,158798.484375
1624,158431.5
1625,160024.234375
1626,162835.484375
1627,192843.546875
1628,149071.90625
1629,143756.9375
1630,162288.59375
1631,127013.1484375
1632,107955.234375
1633,168474.359375
1634,132692.609375
1635,134207.390625
1636,132498.265625
1637,203282.640625
1638,154235.640625
1639,142433.453125
1640,155555.359375
1641,193416.953125
1642,135777.046875
1643,106610.5703125
1644,187455.46875
1645,147746
1646,191182.71875
1647,153720.46875
1648,84393.234375
1649,126857.1328125
1650,166877.078125
1651,171579.1875
1652,216002.71875
1653,153402.234375
1654,125166.890625
1655,164249.5625
1656,163660.125
1657,167512.078125
1658,185712.328125
1659,189263.125
1660,151868.34375
1661,189770.328125
1662,157074.71875
1663,165103.25
1664,96954.234375
1665,162949.671875
1666,144779.703125
1667,171055.984375
1668,135303.15625
1669,181406.984375
1670,143630.890625
1671,166493.703125
1672,168924.828125
1673,189290.125
1674,182554.9375
1675,130564.03125
1676,171703.328125
1677,155139.203125
1678,158276.421875
1679,175289.484375
1680,187336.234375
1681,117276.640625
1682,180845.578125
1683,173005.890625
1684,166927.15625
1685,249932.34375
1686,192809.796875
1687,161783.375
1688,169762.34375
1689,191553.84375
1690,117514.7265625
1691,178144.625
1692,170956.703125
1693,184246.5625
1694,197538.625
1695,154637.25
1696,174592.71875
1697,154087.390625
1698,193322.90625
1699,181971.203125
1700,320733.125
1701,226966.9375
1702,143251.3125
1703,139619.5625
1704,173690.875
1705,184909.890625
1706,143648.09375
1707,141513.859375
1708,187699.8125
1709,254489.453125
1710,133984.875
1711,151459.875
1712,233963.0625
1713,323018.9375
1714,205561.734375
1715,116148.8203125
1716,174688.4375
1717,131772.640625
1718,168746.984375
1719,174127.078125
1720,170277.265625
1721,202744.046875
1722,178211.328125
1723,133517.28125
1724,128018.21875
1725,106446.078125
1726,203400.03125
1727,139996.875
1728,184466.890625
1729,153374.859375
1730,179469.90625
1731,160105.296875
1732,160354.3125
1733,223795.21875
1734,165725.796875
1735,184850.078125
1736,202160.25
1737,202633.90625
1738,174651.53125
1739,157378.078125
1740,126532.34375
1741,194288.390625
1742,166088.140625
1743,127095.2890625
1744,161808.578125
1745,143166.5
1746,189591.5625
1747,134253.359375
1748,145150.984375
1749,150792.40625
1750,136628.8125
1751,147387.8125
1752,238204.046875
1753,219167.828125
1754,191067.953125
1755,175077.46875
1756,209551.734375
1757,163582.9375
1758,173904.3125
1759,156506.59375
1760,188159.21875
1761,179376.96875
1762,144321.203125
1763,161970.4375
1764,129850.359375
1765,143191.75
1766,172627.34375
1767,169804.6875
1768,160475.28125
1769,127685.8828125
1770,263593.1875
1771,158426.71875
1772,171940.015625
1773,178105.234375
1774,182318.65625
1775,140225.265625
1776,148677.265625
1777,233401.828125
1778,149528.890625
1779,156012.171875
1780,227383.078125
1781,169409.0625
1782,223303.484375
1783,195843.34375
1784,196575.25
1785,144317.140625
1786,150960.3125
1787,287315.46875
1788,121713.0546875
1789,157131.484375
1790,124764.6015625
1791,126304.2421875
1792,108457.9453125
1793,301741.8125
1794,242836.0625
1795,213387.890625
1796,168767.296875
1797,134700.21875
1798,99191.25
1799,166462.671875
1800,123800.859375
1801,159800.46875
1802,183985.515625
1803,129623.0625
1804,253321.828125
1805,150285.625
1806,131562.734375
1807,227876.265625
1808,131336.375
1809,211922.21875
1810,178179.25
1811,183158.5625
1812,165418.109375
1813,111757.546875
1814,161658.40625
1815,196738.03125
1816,139368.15625
1817,106978.4375
1818,210504.28125
1819,158978.21875
1820,195766.578125
1821,146148.40625
1822,221239.8125
1823,218874.984375
1824,150893.71875
1825,204437.515625
1826,116139.6171875
1827,209641.640625
1828,169015.625
1829,146229.640625
1830,192802.828125
1831,182864.59375
1832,153987.828125
1833,126565.1953125
1834,205111.359375
1835,174039.640625
1836,142650.28125
1837,171347.40625
1838,174251.453125
1839,211224.796875
1840,298932.375
1841,207004.75
1842,215072.75
1843,144077.421875
1844,177378.984375
1845,223979.296875
1846,150148.6875
1847,143226.90625
1848,173607.8125
1849,165132.6875
1850,130643.9140625
1851,166628.015625
1852,151521
1853,155100.484375
1854,140425.453125
1855,135731.703125
1856,136170.453125
1857,127354.09375
1858,168002.6875
1859,176588.0625
1860,137533.109375
1861,164812.09375
1862,141729.53125
1863,139610.21875
1864,153549.40625
1865,189659.859375
1866,180906.328125
1867,145469.484375
1868,169699.640625
1869,190583.375
1870,157977.078125
1871,174181.265625
1872,158296.5625
1873,135073.578125
1874,167859.109375
1875,147308.390625
1876,154574.5625
1877,136055.875
1878,149468.546875
1879,129305.078125
1880,142249.921875
1881,141423.703125
1882,131241.59375
1883,177558.921875
1884,133538.0625
1885,130917.96875
1886,154599
1887,173603.140625
1888,166289.453125
1889,222341.671875
1890,132166.828125
1891,248645.796875
1892,143238.890625
1893,167191.671875
1894,155409.578125
1895,258022.9375
1896,139952.15625
1897,141303.8125
1898,178415.765625
1899,194618.953125
1900,218039.703125
1901,171988.734375
1902,214537.9375
1903,145957.953125
1904,215013.671875
1905,131367.890625
1906,311000.0625
1907,149904.59375
1908,169206.515625
1909,172737.5625
1910,182071.953125
1911,149633.75
1912,134049.96875
1913,183760.5625
1914,172618.296875
1915,165116.625
1916,208186.46875
1917,214836.9375
1918,147140.4375
1919,125183.9140625
1920,121296.1640625
1921,165873.09375
1922,171383.078125
1923,170817.953125
1924,143424.71875
1925,215358.796875
1926,160550.234375
1927,207379.390625
1928,166592.25
1929,137590.84375
1930,193365.015625
1931,170485.71875
1932,236781.28125
1933,247158.65625
1934,224646.265625
1935,205415.6875
1936,183880.609375
1937,96715.703125
1938,131706.640625
1939,155823.28125
1940,162225.5
1941,212307.65625
1942,243562.46875
1943,165625.328125
1944,142425.71875
1945,109349.7109375
1946,215487.125
1947,145891.421875
1948,186540.171875
1949,125715.6796875
1950,184695.59375
1951,224922.21875
1952,204415.34375
1953,231456.140625
1954,170103.109375
1955,162109.921875
1956,141979.921875
1957,198106.203125
1958,168729.59375
1959,138669.5625
1960,285602.90625
1961,112265.0078125
1962,159184.421875
1963,197750.578125
1964,132240.3125
1965,218114.515625
1966,193260.203125
1967,115330.9609375
1968,152065.125
1969,267971.5625
1970,169950.71875
1971,162426.921875
1972,185762.21875
1973,175438.75
1974,177324.1875
1975,175558.953125
1976,152381.515625
1977,188471.140625
1978,160155.4375
1979,201554.1875
1980,127620.6015625
1981,118158.96875
1982,147818.890625
1983,221599.53125
1984,148178.453125
1985,171481.375
1986,220500.75
1987,147797.328125
1988,251788.671875
1989,141102.203125
1990,176548.078125
1991,203481.953125
1992,115906.3671875
1993,161578.203125
1994,209138.46875
1995,160960.296875
1996,148866.796875
1997,174913.921875
1998,164308.5625
1999,149619.90625
2000,207522.703125
2001,153867.25
2002,163377.890625
2003,297221.65625
2004,150990.765625
2005,189187.765625
2006,135804.875
2007,131067.7734375
2008,174750.15625
2009,133817.421875
2010,122887.5
2011,190755.0625
2012,106406.0078125
2013,172375.078125
2014,146642.75
2015,301440.34375
2016,165257.890625
2017,160536.125
2018,170116.375
2019,150627.4375
2020,71785.7265625
2021,143627.59375
2022,137742.46875
2023,166922.84375
2024,199599.984375
2025,203785.328125
2026,152132.6875
2027,223641.15625
2028,170526.203125
2029,232593.984375
2030,151967.78125
2031,109458.0625
2032,128665.7734375
2033,165579.234375
2034,178574.515625
2035,164459.171875
2036,220236.78125
2037,125846.4375
2038,116122.1015625
2039,141902.6875
2040,103459.703125
2041,166983.484375
2042,138232.703125
2043,192513.96875
2044,195562
2045,217940.96875
2046,140850.234375
2047,198444.5625
2048,208073.65625
2049,187085
2050,204274.84375
2051,185591.125
2052,182890.71875
2053,239738.671875
2054,163416.015625
2055,198007.984375
2056,210670.125
2057,127063.796875
2058,236551.953125
2059,174930.484375
2060,169005.5
2061,158215.71875
2062,133863.84375
2063,139284.21875
2064,162021.046875
2065,194487.953125
2066,161172.390625
2067,212109.125
2068,161734.09375
2069,206527.34375
2070,185791.234375
2071,172654.875
2072,142490.109375
2073,183964.40625
2074,124064.1171875
2075,269639.8125
2076,170030.171875
2077,253688.9375
2078,168291.859375
2079,205138.125
2080,184809.234375
2081,189954.328125
2082,135591.1875
2083,176791.578125
2084,220977.65625
2085,126448.2578125
2086,193544.140625
2087,199716.515625
2088,243066.703125
2089,146966.375
2090,217554.375
2091,149711.625
2092,149107.40625
2093,156254.625
2094,160281.109375
2095,167924.765625
2096,127504.890625
2097,144018.921875
2098,204169.671875
2099,196816.921875
2100,186698.515625
2101,206089.15625
2102,184273.453125
2103,208709.90625
2104,146566.9375
2105,221800.890625
2106,165404.140625
2107,208439.234375
2108,295357.65625
2109,135966.734375
2110,200937.09375
2111,128817.7421875
2112,134266.390625
2113,174988.59375
2114,150511.28125
2115,203901.640625
2116,168706.703125
2117,192862.578125
2118,203141.640625
2119,154960.625
2120,184326.203125
2121,154511.25
2122,172484
2123,152147.015625
2124,183392.546875
2125,97947.171875
2126,261123.3125
2127,153601.75
2128,159171.0625
2129,192522.109375
2130,218133.703125
2131,124429.2734375
2132,182047.78125
2133,194318.96875
2134,211688.34375
2135,172413.5
2136,197003.921875
2137,151888.9375
2138,279916.15625
2139,146899.15625
2140,180471.046875
2141,130357.546875
2142,157957.609375
2143,160298.53125
2144,169341.453125
2145,190502.25
2146,156418.109375
2147,156211.703125
2148,192116.578125
2149,254871.953125
2150,144339.859375
2151,95233.421875
2152,119673.4375
2153,127779.7734375
2154,116024.4453125
2155,141546.890625
2156,144362.5
2157,197417.265625
2158,163243.875
2159,187956.96875
2160,239245.640625
2161,183435.671875
2162,154510.625
2163,138422.34375
2164,183269.203125
2165,192634.34375
2166,192086.84375
2167,152491.28125
2168,153406.9375
2169,124583.4140625
2170,138930.78125
2171,164805.15625
2172,160820.09375
2173,121251.375
2174,161083.625
2175,137349.4375
2176,144580.0625
2177,151073
2178,174103.640625
2179,141046.9375
2180,157939.109375
2181,144249.9375
2182,171005.171875
2183,190564.953125
2184,164930.5
2185,173214.28125
2186,157750.578125
2187,111890.1640625
2188,231521.90625
2189,158127.359375
2190,323988.21875
2191,172147.25
2192,167836.1875
2193,165076.609375
2194,121135.375
2195,164771.015625
2196,159382.375
2197,268606.375
2198,153727.5625
2199,173317.203125
2200,205951.625
2201,251595.953125
2202,135887.234375
2203,174340.140625
2204,209473.21875
2205,130321.9375
2206,154416.953125
2207,151117.375
2208,119916.6640625
2209,191319.765625
2210,204546.34375
2211,189456.46875
2212,195887.828125
2213,315590.625
2214,183636.421875
2215,187170.46875
2216,183540.625
2217,178822.046875
2218,200427.59375
2219,169182.015625
2220,187394.703125
2221,196647.390625
2222,170685.703125
2223,202877.21875
2224,195419.34375
2225,149048.875
2226,161158.625
2227,152069.8125
2228,162730.78125
2229,175278
2230,196826.078125
2231,207210.953125
2232,129455.3046875
2233,148770.296875
2234,155328.65625
2235,162842.046875
2236,225504.953125
2237,168584.75
2238,154103.515625
2239,142501.421875
2240,174481.578125
2241,176062.890625
2242,151650.625
2243,148596.65625
2244,184207.375
2245,188006.328125
2246,157804.796875
2247,200993.546875
2248,153150.671875
2249,193535.796875
2250,168365.90625
2251,112697.9609375
2252,232389.109375
2253,229410.125
2254,320106.125
2255,187192.078125
2256,142207.265625
2257,154463.5
2258,142406.15625
2259,311889.25
2260,224824.984375
2261,176450.515625
2262,233861.25
2263,163527
2264,136688.359375
2265,269872.5
2266,161120.859375
2267,183559.609375
2268,158440.890625
2269,162622.15625
2270,250256.515625
2271,198722.890625
2272,184407.5
2273,265079.1875
2274,190571.484375
2275,179326.71875
2276,138583.875
2277,212645.234375
2278,134437.65625
2279,115318.4609375
2280,155013.546875
2281,214833.5625
2282,117999.515625
2283,193890.1875
2284,166482.984375
2285,178047.046875
2286,221962.984375
2287,147055.03125
2288,119336.8984375
2289,184633.25
2290,200463.046875
2291,191744.359375
2292,184168.375
2293,126350.34375
2294,178716.21875
2295,215786.546875
2296,167054.15625
2297,167406.609375
2298,245607.078125
2299,150331.15625
2300,138864.890625
2301,142948.03125
2302,166521.765625
2303,227232.953125
2304,160000.6875
2305,159250.640625
2306,146576.90625
2307,187749.296875
2308,200802.28125
2309,119053.0625
2310,165403.265625
2311,137962.171875
2312,124206.6171875
2313,145482.734375
2314,180954
2315,109231.0625
2316,153241.265625
2317,166367.703125
2318,222550.078125
2319,173710.984375
2320,142941.296875
2321,165566.125
2322,165326.34375
2323,169299.25
2324,152271.84375
2325,149912.90625
2326,177537.640625
2327,100399.0859375
2328,162653.328125
2329,174153.109375
2330,180300.921875
2331,156945.3125
2332,228033.4375
2333,171318.234375
2334,217352.40625
2335,173588.28125
2336,183191.71875
2337,156131.984375
2338,149767.5
2339,153986.375
2340,170762.390625
2341,134919.625
2342,220382.671875
2343,184438.1875
2344,159267.828125
2345,175070.296875
2346,189456.96875
2347,145040.84375
2348,148540.140625
2349,134594.734375
2350,129612.21875
2351,179315.515625
2352,226299.453125
2353,142102.3125
2354,132006.78125
2355,232202.515625
2356,165960.109375
2357,179353.109375
2358,158483.109375
2359,163223.984375
2360,240814.875
2361,116086.6171875
2362,132955.890625
2363,153588.40625
2364,138801.453125
2365,154146.265625
2366,202656.234375
2367,218413.5
2368,146030.296875
2369,233067.609375
2370,307096.0625
2371,261260.421875
2372,157135.515625
2373,145571.40625
2374,146241.796875
2375,181302.09375
2376,174876.390625
2377,157013.828125
2378,179336.1875
2379,164429.375
2380,154293.453125
2381,157833.609375
2382,189609.265625
2383,135628.5
2384,166958.03125
2385,120200.890625
2386,126789.234375
2387,237930.71875
2388,267724.34375
2389,168964.96875
2390,150206
2391,198227.984375
2392,165988.640625
2393,159586.0625
2394,136031.578125
2395,200972.859375
2396,184090.03125
2397,147598.46875
2398,181396.21875
2399,134482.828125
2400,180391.859375
2401,136271.859375
2402,157378.609375
2403,175234.671875
2404,125724.59375
2405,173676.84375
2406,187291.34375
2407,157679.609375
2408,138933.78125
2409,128698.2109375
2410,113343.7578125
2411,188819.359375
2412,166143.53125
2413,191930.265625
2414,165495.046875
2415,164305.6875
2416,155209.875
2417,133104.984375
2418,175603.875
2419,190322.78125
2420,222417.9375
2421,229398.625
2422,161052.0625
2423,201541.28125
2424,137370.03125
2425,170289.109375
2426,279128.03125
2427,165685.90625
2428,167411.65625
2429,182237.34375
2430,213315.84375
2431,143791.5
2432,114756.859375
2433,207167.453125
2434,125887.1640625
2435,187834.203125
2436,163755.546875
2437,165005.515625
2438,148757.609375
2439,289228.59375
2440,178840.46875
2441,143775.34375
2442,124337.3046875
2443,188543.5
2444,168736.796875
2445,161265.015625
2446,187559.71875
2447,164262
2448,139839.984375
2449,189259.3125
2450,150389.921875
2451,155751.46875
2452,149006.96875
2453,180782
2454,174059.703125
2455,110608.1171875
2456,159092.15625
2457,217977.59375
2458,182865.828125
2459,184261.40625
2460,180930.21875
2461,144636.546875
2462,114615.078125
2463,161657.390625
2464,181279.875
2465,155199.40625
2466,168529.59375
2467,236248.65625
2468,204857.09375
2469,199481.3125
2470,163822.84375
2471,163549.8125
2472,204812.984375
2473,179879.59375
2474,135788
2475,101729.3828125
2476,192013.34375
2477,174364
2478,173730.75
2479,181062.6875
2480,205486.28125
2481,199986.78125
2482,141664.828125
2483,250246.515625
2484,205671.921875
2485,174840.640625
2486,248317.3125
2487,135112.25
2488,176350.109375
2489,149624.53125
2490,206897.09375
2491,175336.59375
2492,187445.546875
2493,143433.40625
2494,158730.140625
2495,157075.578125
2496,214018.09375
2497,140029.859375
2498,165839.78125
2499,153870.328125
2500,179136.765625
2501,147587.875
2502,157623.765625
2503,169243.90625
2504,263581.375
2505,150336.609375
2506,241791.28125
2507,164367.6875
2508,150457.09375
2509,133983.390625
2510,206616.171875
2511,161666.125
2512,137573.03125
2513,150337.96875
2514,176224.8125
2515,165781.796875
2516,162701.71875
2517,138753.84375
2518,257345.015625
2519,163157.234375
2520,206126.671875
2521,207410.25
2522,143635.703125
2523,182564.421875
2524,149573.703125
2525,145310.15625
2526,125178.6328125
2527,158470.09375
2528,144239.90625
2529,191805.859375
2530,145234.375
2531,145440.234375
2532,156867
2533,133168.515625
2534,158711.390625
2535,79689.4453125
2536,156992.953125
2537,179875.71875
2538,153605.234375
2539,126760.9765625
2540,117114.2109375
2541,213520.796875
2542,175586.046875
2543,142763
2544,226123.390625
2545,190643.515625
2546,141886.390625
2547,197161.578125
2548,240498.5
2549,162653.546875
2550,144406.796875
2551,210697.71875
2552,202447.59375
2553,214170.53125
2554,185763.3125
2555,147023.09375
2556,185308.5625
2557,176837.3125
2558,181763.859375
2559,139045.859375
2560,137023.8125
2561,193372.640625
2562,143884.96875
2563,171680.609375
2564,155915.5625
2565,154578.859375
2566,156827.703125
2567,119087.9453125
2568,206154.203125
2569,175035.859375
2570,155619.703125
2571,134188.453125
2572,139879.859375
2573,137468.65625
2574,180868.25
2575,115488.5703125
2576,196217.609375
2577,150044.15625
2578,141765.375
2579,121185.125
2580,191068.640625
2581,129090.328125
2582,215499.78125
2583,205375.578125
2584,148200.640625
2585,105035.7265625
2586,213029.5625
2587,149521.703125
2588,227407.109375
2589,142009.484375
2590,135042.390625
2591,178556.09375
2592,180737.515625
2593,151674.140625
2594,152703.390625
2595,156663.5625
2596,161307.203125
2597,171565.984375
2598,262444.34375
2599,155432.546875
2600,125876.2734375
2601,151493.65625
2602,125530.265625
2603,175243.734375
2604,142809.109375
2605,204896.234375
2606,170671.4375
2607,136993.625
2608,169736.109375
2609,138389.203125
2610,100130.140625
2611,178328.15625
2612,126575.046875
2613,163683.15625
2614,170250.203125
2615,133808.140625
2616,127788.46875
2617,164040.28125
2618,189090.4375
2619,248567.5625
2620,171254.984375
2621,194869.375
2622,149991.609375
2623,238856.828125
2624,177368.21875
2625,197121.53125
2626,123775.859375
2627,203498.75
2628,215848.078125
2629,187390.078125
2630,185148.296875
2631,188776.78125
2632,165008.859375
2633,146463.59375
2634,103471.7578125
2635,264755.75
2636,231201.015625
2637,129749.03125
2638,188219.515625
2639,121637.5703125
2640,134318
2641,160353.703125
2642,213901.59375
2643,163503.171875
2644,176290.875
2645,173147.765625
2646,211876.078125
2647,256711.109375
2648,189132.25
2649,183601.140625
2650,215228.515625
2651,166226.515625
2652,212050.53125
2653,171025.53125
2654,228497.609375
2655,199839.53125
2656,157319.6875
2657,173101.640625
2658,246626.09375
2659,195546.1875
2660,184560.359375
2661,134729.421875
2662,151443.21875
2663,162967.515625
2664,186050.28125
2665,154302.359375
2666,139612.703125
2667,203340.203125
2668,153954.203125
2669,208419.984375
2670,174405.828125
2671,160303.265625
2672,151017.71875
2673,134865.203125
2674,174918.84375
2675,156228.859375
2676,171128.734375
2677,206133.234375
2678,167081.109375
2679,229284.53125
2680,305614.96875
2681,192076.828125
2682,213292.640625
2683,228159.96875
2684,147091.6875
2685,170373.578125
2686,149600.40625
2687,135406.0625
2688,159300.171875
2689,150456.5625
2690,213428.859375
2691,169057.46875
2692,168095.515625
2693,268318.84375
2694,231195.0625
2695,160506.40625
2696,169706.203125
2697,100817.0625
2698,107655.515625
2699,199430.265625
2700,211165.125
2701,133601.890625
2702,207234.03125
2703,98458.984375
2704,208454.75
2705,135871.65625
2706,137459.90625
2707,209203.953125
2708,142806.125
2709,132093.3125
2710,173018.953125
2711,273720.40625
2712,207195.046875
2713,155005.546875
2714,177645.640625
2715,170020.71875
2716,139954.796875
2717,155353.484375
2718,226318.46875
2719,214071.96875
2720,225292.09375
2721,119953.5625
2722,205198.15625
2723,127264.90625
2724,166284.375
2725,115911.046875
2726,156351.703125
2727,153792.796875
2728,91493.7421875
2729,145496.828125
2730,172890.25
2731,167390.96875
2732,121879.9453125
2733,172975.84375
2734,134685.46875
2735,175203.75
2736,190904.21875
2737,146837.390625
2738,113246.28125
2739,183758.953125
2740,158442.53125
2741,146225.703125
2742,156837.875
2743,169804.953125
2744,167144.34375
2745,138395.4375
2746,135960.34375
2747,186985.03125
2748,169033.296875
2749,175913.65625
2750,169556.9375
2751,137236.59375
2752,151117.203125
2753,187350.03125
2754,268541.15625
2755,225882.203125
2756,183692.640625
2757,158382.265625
2758,180875.859375
2759,155766.859375
2760,164446.046875
2761,155409.25
2762,173822.8125
2763,230714.515625
2764,156745.078125
2765,157072.5
2766,203210.71875
2767,170321.875
2768,226384.34375
2769,158565.109375
2770,149313.328125
2771,205657.421875
2772,192158.875
2773,229713.734375
2774,186528.953125
2775,124069.40625
2776,209649.75
2777,197993.84375
2778,192769.6875
2779,227440.78125
2780,188400.6875
2781,181129.703125
2782,208363.453125
2783,144623.625
2784,155689.53125
2785,148644.640625
2786,175621.046875
2787,138712.1875
2788,191878.8125
2789,265002.28125
2790,171435.125
2791,212752.265625
2792,176421.34375
2793,106805.5625
2794,115159.609375
2795,191607.875
2796,185792.4375
2797,171528.40625
2798,171572.34375
2799,153289.8125
2800,155305.484375
2801,172778.15625
2802,125855.203125
2803,164134.984375
2804,167383.953125
2805,110188.0703125
2806,253058.8125
2807,132456.515625
2808,178734.59375
2809,149240.734375
2810,164816.875
2811,152690.25
2812,162564.875
2813,192713.203125
2814,180462.953125
2815,172570.640625
2816,106012.0078125
2817,172689.828125
2818,275686.375
2819,164937.203125
2820,213178.890625
2821,165801.90625
2822,172820.84375
2823,135670.515625
2824,300936.03125
2825,139118.484375
2826,173319.109375
2827,176711.203125
2828,155213.6875
2829,110120.3828125
2830,162883.34375
2831,188138.703125
2832,139137.71875
2833,208802.3125
2834,173847.578125
2835,173954.703125
2836,173723.171875
2837,251550.96875
2838,231371.765625
2839,169430.6875
2840,117415.96875
2841,133699.375
2842,136473.359375
2843,133104.953125
2844,136816.171875
2845,271942.5625
2846,182519.203125
2847,188130.140625
2848,250621.671875
2849,223839.859375
2850,122173.8984375
2851,210122.734375
2852,160251.53125
2853,149729.84375
2854,185714.6875
2855,150632.53125
2856,167143.375
2857,204646.984375
2858,127813.421875
2859,194141.09375
2860,165298.953125
2861,169644.609375
2862,134238.578125
2863,204569.09375
2864,99708.6953125
2865,138374.140625
2866,112188.6953125
2867,162141.0625
2868,162123.046875
2869,138846.5
2870,152717.21875
2871,129916.390625
2872,153070.859375
2873,202744
2874,218983.375
2875,264933.84375
2876,124781.5703125
2877,207113.125
2878,124532.84375
2879,195634.046875
2880,113304.4765625
2881,185602.234375
2882,184502.578125
2883,182738.8125
2884,176588.390625
2885,110068.796875
2886,183455.8125
2887,242122.125
2888,120002.5859375
2889,198138.171875
2890,209914.203125
2891,121793.0390625
2892,185067.65625
2893,265266
2894,144361.984375
2895,176288.03125
2896,141118.84375
2897,180150.75
2898,193310.796875
2899,180235.0625
2900,129005.0859375
2901,178462.03125
2902,140697.296875
2903,208371.90625
2904,165072.40625
2905,194666.21875
2906,145855.171875
2907,114686.046875
2908,168463.234375
2909,150054.09375
2910,138165.171875
2911,174089.03125
2912,174963.859375
2913,124989.6328125
2914,189484
2915,244972.703125
2916,152524.890625
2917,155970.21875
2918,122252.4921875
2919,238486.71875
2920,148760.671875
2921,148023.59375
2922,149233.796875
2923,106912.75
2924,187629.640625
2925,153972.234375
2926,166978.125
2927,170617.5
2928,230258.640625
2929,112010.0703125
2930,152344.875
2931,133337.21875
2932,118270.6796875
2933,178119.84375
2934,162614.234375
2935,221573.421875
2936,236950.140625
2937,208983.828125
2938,239238.109375
2939,180287.578125
2940,121706.53125
2941,170118.734375
2942,157583
2943,218774.28125
2944,291317.65625
2945,199446.453125
2946,170027.109375
2947,155560.28125
2948,142612.703125
2949,171018.0625
2950,178257.625
2951,141368.53125
2952,206322.796875
2953,210237.078125
2954,129102.6640625
2955,86420.78125
2956,113912.828125
2957,149501.8125
2958,178171.8125
2959,209204.734375
2960,170555.984375
2961,186644.546875
2962,133751.015625
2963,165241.78125
2964,151000.875
2965,168619.71875
2966,191347.234375
2967,296948.875
2968,309178.65625
2969,151400.453125
2970,147223.125
2971,192762.34375
2972,155894.65625
2973,293537.40625
2974,162796.15625
2975,151260.046875
2976,114245.4609375
2977,161323.53125
2978,129125.1640625
2979,170286.265625
2980,155035.84375
2981,99969.484375
2982,258297.828125
2983,151856.21875
2984,186251.765625
2985,181745.3125
2986,135792.078125
2987,149484.4375
2988,191813.359375
2989,149562.40625
2990,128675.1484375
2991,128745.4375
2992,154894.765625
2993,239997.875
2994,140989.53125
2995,164738.65625
2996,133437.46875
2997,197672.1875
2998,162919.75
2999,206381.28125
3000,172479.953125
3001,235324.203125
3002,174493.0625
3003,146294.90625
3004,203821.796875
3005,127007.703125
3006,165991.265625
3007,152487.65625
3008,205835.5
3009,162218.1875
3010,205544.4375
3011,122859.3125
3012,162250.21875
3013,188622.671875
3014,175674.8125
3015,219923.84375
3016,164045.75
3017,139197.265625
3018,159455.015625
3019,124833.34375
3020,154259.3125
3021,203174.671875
3022,135928.078125
3023,273941.25
3024,137116.0625
3025,181487.265625
3026,205860.5
3027,250406.609375
3028,138871.078125
3029,201499.359375
3030,179877.890625
3031,135674.65625
3032,146931.734375
3033,158267.3125
3034,114054.7109375
3035,179226.546875
3036,142108.59375
3037,155416.15625
3038,170300.140625
3039,166609.515625
3040,227687.046875
3041,272324.09375
3042,170252.125
3043,116439.0546875
3044,195453.640625
3045,153765.328125
3046,202132.484375
3047,173069.34375
3048,177076.796875
3049,183017.203125
3050,197609.90625
3051,207348.390625
3052,210313.203125
3053,131017.4921875
3054,171092.390625
3055,198050.6875
3056,145832.890625
3057,226650.625
3058,160146.015625
3059,185530.4375
3060,191838.3125
3061,137434.171875
3062,140736.65625
3063,191718.515625
3064,219853.25
3065,190526.34375
3066,127411.1640625
3067,219829.875
3068,136201.609375
3069,196916.03125
3070,141657.984375
3071,163917.109375
3072,148617.65625
3073,277520.4375
3074,157130.640625
3075,198004.140625
3076,138414.78125
3077,110667.9765625
3078,138630.890625
3079,156450.046875
3080,262984.5625
3081,203585
3082,181018.5625
3083,144937.75
3084,145883.125
3085,142831.296875
3086,187921.421875
3087,153228.4375
3088,164847.15625
3089,125818.71875
3090,184941.015625
3091,215294.484375
3092,172292.4375
3093,182116.203125
3094,220776.84375
3095,151841.6875
3096,125508.921875
3097,167061.796875
3098,201101.578125
3099,191950.140625
3100,157788.46875
3101,235693.25
3102,176347.328125
3103,120023.9453125
3104,163955.140625
3105,114087
3106,162105.421875
3107,84171.90625
3108,160852.140625
3109,186335.828125
3110,126196.890625
3111,146468.296875
3112,120696.6015625
3113,152912.484375
3114,175678.328125
3115,177900.765625
3116,111958.0546875
3117,174447.65625
3118,207766.3125
3119,133757.25
3120,173805.0625
3121,215887.4375
3122,158812.765625
3123,181387.265625
3124,203586.828125
3125,161818.515625
3126,165922.9375
3127,164464.4375
3128,153595.734375
3129,170495.140625
3130,123016.6953125
3131,118822.3125
3132,172496.921875
3133,189286.609375
3134,202647.4375
3135,178700.5625
3136,216746.78125
3137,248218.703125
3138,155987.25
3139,135923.75
3140,160564.90625
3141,140050.796875
3142,180280.25
3143,194957.109375
3144,145826.953125
3145,204589.765625
3146,180711.484375
3147,250545.640625
3148,138020.953125
3149,154816.890625
3150,177606.40625
3151,199616.734375
3152,173986.21875
3153,187092.375
3154,226404.15625
3155,127804.3828125
3156,251932.90625
3157,177004.484375
3158,205276.390625
3159,146631.53125
3160,211169.53125
3161,181902.875
3162,178022.828125
3163,153413.484375
3164,137096.515625
3165,121819.15625
3166,182489.953125
3167,255819.96875
3168,175335.828125
3169,194710.90625
3170,228681.890625
3171,260702.890625
3172,179911.5
3173,138786.9375
3174,147329.859375
3175,171517.890625
3176,218798.734375
3177,155326.734375
3178,257049.609375
3179,158855.34375
3180,156232.21875
3181,230870.1875
3182,179512.9375
3183,146412.515625
3184,180111.765625
3185,170538.28125
3186,144274.40625
3187,145772.21875
3188,174684.4375
3189,126936.1484375
3190,192203.875
3191,246040.640625
3192,178259.546875
3193,144382.578125
3194,199533.6875
3195,182316.265625
3196,174994.265625
3197,165003.875
3198,144455.828125
3199,160258.5625
3200,175914.546875
3201,203307.96875
3202,137960.21875
3203,110541.9765625
3204,276870.3125
3205,228473.171875
3206,192155.859375
3207,234617.921875
3208,181432.28125
3209,303997.96875
3210,133609.78125
3211,156124.515625
3212,161101.4375
3213,104344.171875
3214,152337.953125
3215,144812.640625
3216,143186.234375
3217,126067.09375
3218,210506.03125
3219,132544.265625
3220,205887.453125
3221,148587.296875
3222,154989.171875
3223,174520.765625
3224,181681.921875
3225,290359.3125
3226,124523.4765625
3227,274321.28125
3228,161790.578125
3229,131785.328125
3230,118481.8359375
3231,220436.75
3232,129528.2421875
3233,208614.296875
3234,231708.203125
3235,211510.21875
3236,153014.96875
3237,160264.34375
3238,181436.390625
3239,192925.1875
3240,122954.7890625
3241,149472
3242,169118.65625
3243,159569.203125
3244,231567.1875
3245,235022.578125
3246,259441.6875
3247,152736.234375
3248,167720.4375
3249,186708.515625
3250,108604.21875
3251,124415.796875
3252,233973.65625
3253,233640.265625
3254,149856.015625
3255,148143.75
3256,141286.234375
3257,141914.8125
3258,164448.296875
3259,133231.65625
3260,190804.078125
3261,133971.9375
3262,217579.453125
3263,134804.140625
3264,247707.90625
3265,219141.390625
3266,171350.46875
3267,163234.296875
3268,160756.25
3269,215843.4375
3270,173950.953125
3271,150456.796875
3272,150808.078125
3273,129879.09375
3274,169437.671875
3275,161292.109375
3276,114245.6484375
3277,163817.921875
3278,138535.71875
3279,108095.9921875
3280,175562.4375
3281,116032.0859375
3282,135811.609375
3283,150150.171875
3284,181299.03125
3285,212889.140625
3286,121860.875
3287,172326.765625
3288,85876.796875
3289,212511.265625
3290,151324.1875
3291,190536.375
3292,148923.328125
3293,249860.03125
3294,212892.828125
3295,164180.265625
3296,175530.515625
3297,176897.0625
3298,199006.5
3299,140208.71875
3300,204865.546875
3301,132344.59375
3302,186604.34375
3303,178540.1875
3304,163069.3125
3305,106685.421875
3306,185496.375
3307,169246.1875
3308,173411.046875
3309,187318.984375
3310,174696.984375
3311,178024.140625
3312,163432.078125
3313,124978.828125
3314,118996.4375
3315,181771.140625
3316,114440.4453125
3317,171831.328125
3318,226194
3319,265823.03125
3320,181407.46875
3321,159424.921875
3322,231777.75
3323,138025.171875
3324,100569.1171875
3325,190586.078125
3326,133591.296875
3327,287313
3328,316859.75
3329,148118.171875
3330,163173.390625
3331,183895
3332,181043.375
3333,118402.234375
3334,157632.890625
3335,225630.703125
3336,207203.984375
3337,110356.2109375
3338,147075.34375
3339,139486.65625
3340,161142.203125
3341,209500.53125
3342,197442.9375
3343,194797.28125
3344,209357.765625
3345,159552.875
3346,211793.09375
3347,144110.28125
3348,202798.640625
3349,246020.515625
3350,173125.546875
3351,120227.8515625
3352,187512.25
3353,156486.84375
3354,206334.15625
3355,184724.796875
3356,182029.421875
3357,162881.34375
3358,169979.359375
3359,167274.75
3360,136775.15625
3361,132821.34375
3362,222289.984375
3363,153727.125
3364,174113.875
3365,172365.171875
3366,160861.640625
3367,157084.75
3368,129476.7578125
3369,204598.234375
3370,202345.90625
3371,218149.328125
3372,158432.875
3373,215543.265625
3374,184719.515625
3375,140014.640625
3376,115127.265625
3377,159068.1875
3378,153266.046875
3379,129797.609375
3380,206449.15625
3381,148943.03125
3382,181234.40625
3383,189576.265625
3384,202103.5
3385,127700.7734375
3386,183440.75
3387,192425.734375
3388,187124.859375
3389,182316.6875
3390,238001.046875
3391,193517.0625
3392,184661.140625
3393,189487.875
3394,206582.890625
3395,164301.578125
3396,226479.6875
3397,180709.421875
3398,166363.078125
3399,136540.734375
3400,193161.03125
3401,252216.734375
3402,231571.203125
3403,131101.34375
3404,195851.34375
3405,208952.765625
3406,137159.5625
3407,129507.953125
3408,152204.390625
3409,237087.34375
3410,128445.7265625
3411,143107.0625
3412,99701.65625
3413,126031.1171875
3414,248924.4375
3415,201955.875
3416,158936.40625
3417,167823.484375
3418,152966.375
3419,133428.765625
3420,177612.046875
3421,227957.421875
3422,162460.890625
3423,205631.1875
3424,188697.375
3425,148359.90625
3426,194043.28125
3427,165473.171875
3428,204308.625
3429,189371.9375
3430,161769.65625
3431,159360.59375
3432,141634.15625
3433,136320.4375
3434,281501.6875
3435,143352.21875
3436,147979.390625
3437,170029.359375
3438,209051.328125
3439,190180.109375
3440,108097.390625
3441,151701.65625
3442,157048.625
3443,144655.75
3444,219293.484375
3445,113480.8203125
3446,155047.890625
3447,152479.5625
3448,120821.2578125
3449,191080.5
3450,167863.15625
3451,203657.796875
3452,172949.40625
3453,211726.875
3454,198845.21875
3455,126841.125
3456,157058.34375
3457,232827.921875
3458,222952.90625
3459,124171.9375
3460,181931.640625
3461,160391.359375
3462,141626.984375
3463,201086.078125
3464,148243.21875
3465,212539.640625
3466,177823.546875
3467,145730
3468,304995.3125
3469,169745.859375
3470,242198.46875
3471,168595.953125
3472,185612.875
3473,142262.96875
3474,217956.5
3475,143346.34375
3476,214028.46875
3477,120894.671875
3478,138614.90625
3479,281070.09375
3480,153616.4375
3481,151805.015625
3482,169150.765625
3483,189251.28125
3484,202586.515625
3485,178842.515625
3486,200320.671875
3487,118322.84375
3488,141615.609375
3489,237926.765625
3490,183314.421875
3491,252606.4375
3492,192273.578125
3493,244715.359375
3494,131455.046875
3495,174830.515625
3496,168994.71875
3497,232581.28125
3498,205794
3499,166626.953125
3500,224983.984375
3501,211107.546875
3502,160582.390625
3503,165464.015625
3504,171128.28125
3505,164487.8125
3506,187199.265625
3507,154109.375
3508,203713.625
3509,169403.78125
3510,230509.734375
3511,188338.34375
3512,162203.234375
3513,135185.234375
3514,186075.9375
3515,161553.53125
3516,200038.6875
3517,178308.9375
3518,209883.765625
3519,159402.140625
3520,230507.78125
3521,139725.140625
3522,171966.203125
3523,237736.6875
3524,132227.53125
3525,144093.375
3526,108125.3359375
3527,182484.96875
3528,211246.421875
3529,249272.171875
3530,202066.5
3531,216340.3125
3532,135726.125
3533,163516.515625
3534,127622.703125
3535,109006.21875
3536,236753.21875
3537,175554.03125
3538,234335.25
3539,148320.546875
3540,190930.53125
3541,203919.4375
3542,180951.140625
3543,212656.890625
3544,187998.734375
3545,202195.90625
3546,203772.140625
3547,113080.8203125
3548,164569.984375
3549,133760.078125
3550,142498.53125
3551,243560.453125
3552,115879.3203125
3553,202460.828125
3554,151192.578125
3555,110440.015625
3556,150612.234375
3557,195754.9375
3558,100526.859375
3559,191050.328125
3560,151764.0625
3561,160529.203125
3562,241598.359375
3563,152161.875
3564,151786.15625
3565,214686.671875
3566,182286.1875
3567,225724.65625
3568,143183.5625
3569,198046.59375
3570,147181.578125
3571,128299.8984375
3572,226600.8125
3573,121798
3574,178063.65625
3575,171559.078125
3576,153208.203125
3577,159244.75
3578,194049.546875
3579,205436.5
3580,183908.125
3581,105239.546875
3582,212485.90625
3583,144077.03125
3584,114952.796875
3585,242868.125
3586,165753.0625
3587,170276.515625
3588,138073.65625
3589,174686.546875
3590,150605.03125
3591,131832.609375
3592,188104.109375
3593,226840.1875
3594,167068.3125
3595,180886.078125
3596,172073.46875
3597,117103.4296875
3598,172940.4375
3599,197580.375
3600,194438.4375
3601,230451.3125
3602,217851.328125
3603,241868.890625
3604,189936.53125
3605,147164.40625
3606,174575.53125
3607,147012.421875
3608,157476.3125
3609,236394.5
3610,153292.4375
3611,242070.75
3612,167716.296875
3613,195143.890625
3614,179218.359375
3615,163637.65625
3616,121465.0703125
3617,206674.734375
3618,106956.4453125
3619,166580.703125
3620,117993.71875
3621,173414.578125
3622,172160.75
3623,123236.5546875
3624,212995.640625
3625,158281.859375
3626,232263.578125
3627,177875.03125
3628,212806.859375
3629,102742.4609375
3630,168888.515625
3631,159581.90625
3632,196662.265625
3633,242902.921875
3634,164340.453125
3635,192965.140625
3636,137581.875
3637,140590.03125
3638,140185.640625
3639,152685.75
3640,141485.109375
3641,208724.375
3642,169604.1875
3643,146393.609375
3644,164648.859375
3645,157221.9375
3646,138115.203125
3647,189825.625
3648,161055.0625
3649,194198.390625
3650,165908.234375
3651,165147.125
3652,158976.8125
3653,169646.0625
3654,176081.40625
3655,128499.0703125
3656,151465.875
3657,198398.8125
3658,215520.78125
3659,192669.765625
3660,181708.421875
3661,206098.75
3662,157214.453125
3663,171085.78125
3664,202876.609375
3665,209075.75
3666,271630.78125
3667,266184.8125
3668,150175.375
3669,158029.859375
3670,143898.046875
3671,114143.5625
3672,160603.96875
3673,179468.796875
3674,218250.84375
3675,151518.890625
3676,163621.921875
3677,242598.25
3678,144445.59375
3679,200373.8125
3680,146482.65625
3681,132163.71875
3682,163441.578125
3683,107345.125
3684,143999.0625
3685,144257.796875
3686,157546.9375
3687,184690.328125
3688,216483.1875
3689,192087.34375
3690,136580.140625
3691,147472.46875
3692,267909.71875
3693,180760.015625
3694,135069.125
3695,137130.296875
3696,129634.515625
3697,266731.9375
3698,172281.34375
3699,166435.03125
3700,125428.640625
3701,208599.3125
3702,188761.171875
3703,224554.453125
3704,234919.71875
3705,177792.28125
3706,178692.5625
3707,175972.703125
3708,169892.296875
3709,201891.875
3710,150916.453125
3711,175350.21875
3712,216181.34375
3713,143155.875
3714,146685.703125
3715,210448.515625
3716,243085.28125
3717,198266.03125
3718,110413.03125
3719,175904.6875
3720,178485.046875
3721,167100.21875
3722,216710.109375
3723,188169.15625
3724,138445.234375
3725,247761.71875
3726,190632.390625
3727,95678.0625
3728,133321.71875
3729,119472.1484375
3730,140347.671875
3731,226489.53125
3732,154705.3125
3733,161314.921875
3734,147836.875
3735,159751.46875
3736,143795.703125
3737,137678.296875
3738,159771.078125
3739,172165.21875
3740,226834.953125
3741,157479.390625
3742,182721.453125
3743,146886.921875
3744,148734.96875
3745,119197.234375
3746,134851.34375
3747,138367.109375
3748,124425.8359375
3749,112232.0546875
3750,137406.828125
3751,211806.296875
3752,174242.25
3753,163618.359375
3754,174941.375
3755,213985.484375
3756,224901.109375
3757,161919.8125
3758,118739.6171875
3759,143728.28125
3760,183559.8125
3761,123609.8984375
3762,195976.3125
3763,167588.34375
3764,131319.78125
3765,172429.59375
3766,151110.03125
3767,226044.609375
3768,189660.140625
3769,166048.28125
3770,174692.140625
3771,160588.421875
3772,164277.53125
3773,162248.796875
3774,195522.421875
3775,178857.1875
3776,126123.6796875
3777,189751.4375
3778,156634.96875
3779,178577.765625
3780,199469.234375
3781,144326.03125
3782,247602.734375
3783,151359.171875
3784,160035.90625
3785,178190.5
3786,191716.921875
3787,186566.71875
3788,187923.984375
3789,166690.3125
3790,247937.71875
3791,184768.265625
3792,148701.296875
3793,251243.4375
3794,164471.28125
3795,222063.484375
3796,170347.515625
3797,121555.2109375
3798,198375.125
3799,186960
3800,125846.0625
3801,166658.015625
3802,174957.609375
3803,145240.484375
3804,171248.3125
3805,161073.171875
3806,122357.9453125
3807,158875.6875
3808,215792.53125
3809,205869.53125
3810,110340.8046875
3811,168503.890625
3812,163948.140625
3813,132575.40625
3814,176074.875
3815,137678.0625
3816,143829.265625
3817,199225.03125
3818,140245.15625
3819,221857.8125
3820,199872.546875
3821,175918.4375
3822,145210.40625
3823,151532.078125
3824,172466.59375
3825,159467.453125
3826,145203.796875
3827,216893.765625
3828,202425.0625
3829,157281.796875
3830,190559.609375
3831,188429.25
3832,204669.078125
3833,184173.125
3834,188341.65625
3835,144475.59375
3836,170342.4375
3837,158684.234375
3838,148578.890625
3839,268535.5625
3840,151821.734375
3841,159391.328125
3842,134762.265625
3843,193043.84375
3844,145348.90625
3845,181782.984375
3846,175816.875
3847,189074.84375
3848,129885.71875
3849,163726.59375
3850,199599.453125
3851,263260.65625
3852,245399.75
3853,229147.859375
3854,155153.171875
3855,154700.109375
3856,129836.796875
3857,191437.125
3858,163099.765625
3859,230274.5
3860,187237.453125
3861,160089.71875
3862,184074.25
3863,130312.453125
3864,178952.234375
3865,246686.453125
3866,149212.484375
3867,158850.5625
3868,122275.4296875
3869,164179.84375
3870,135315.859375
3871,172794.515625
3872,134339.5625
3873,154444.75
3874,172441.578125
3875,101965.046875
3876,128266.6328125
3877,186228.953125
3878,186084.765625
3879,123879.9296875
3880,191205.96875
3881,160030.625
3882,173613.0625
3883,146458.953125
3884,159853.046875
3885,151182.265625
3886,226774
3887,199062.078125
3888,137328.4375
3889,91622.1640625
3890,165192.546875
3891,134848.484375
3892,154567.71875
3893,117139.0625
3894,189099.40625
3895,203571.046875
3896,152127.203125
3897,114073.2890625
3898,172326.453125
3899,150351.171875
3900,131617.15625
3901,171686.71875
3902,157522.703125
3903,117423.3828125
3904,147764.34375
3905,159390.171875
3906,220923.546875
3907,154223.71875
3908,149875.015625
3909,190370.984375
3910,145618.15625
3911,154480.109375
3912,211778.96875
3913,202293.96875
3914,119998.328125
3915,195661.609375
3916,134863.46875
3917,219826.15625
3918,173312.828125
3919,166177.609375
3920,154275.046875
3921,174940.5625
3922,115754.453125
3923,87545.296875
3924,151359.828125
3925,310094.5625
3926,137114.5
3927,210309.96875
3928,120174.3828125
3929,154204.703125
3930,141642.890625
3931,221059.421875
3932,236087.46875
3933,167185.375
3934,216330.859375
3935,125756.671875
3936,196579.421875
3937,182078.953125
3938,172038.59375
3939,142458.5625
3940,226093.8125
3941,122353.734375
3942,126999.453125
3943,194671.34375
3944,134608.234375
3945,158510.34375
3946,157713.109375
3947,131383.046875
3948,138142.171875
3949,188680.515625
3950,166554.6875
3951,169445.359375
3952,244074.703125
3953,154548.875
3954,129189.2578125
3955,210857.921875
3956,275821.5625
3957,182150.34375
3958,203453.84375
3959,152653.25
3960,140389.3125
3961,136214.421875
3962,177933.546875
3963,153835.828125
3964,177412.8125
3965,183369.234375
3966,97410.7890625
3967,133214.65625
3968,126275.390625
3969,142376.484375
3970,144397.125
3971,142694.75
3972,146545.5
3973,153715.78125
3974,148751.03125
3975,133966.59375
3976,218248.03125
3977,167412.265625
3978,204149.296875
3979,229628.796875
3980,167359.921875
3981,154670.765625
3982,146235.078125
3983,191028.59375
3984,167481.78125
3985,138628.578125
3986,147072.890625
3987,174906.71875
3988,152105.171875
3989,157152.234375
3990,127240.0625
3991,97476.28125
3992,147229.21875
3993,146177.703125
3994,174660.125
3995,183148.796875
3996,114459.09375
3997,143973.0625
3998,125677.8828125
3999,175334.46875
4000,133687.71875
4001,168245.171875
4002,153614.390625
4003,175016.8125
4004,135742.1875
4005,184417.296875
4006,194123.875
4007,115306.5
4008,153166.453125
4009,202878.671875
4010,230732.25
4011,185656.375
4012,125142.5390625
4013,171492.71875
4014,166520.546875
4015,170365.90625
4016,182512.796875
4017,186430.03125
4018,235917.75
4019,170996.984375
4020,134128.359375
4021,179159.75
4022,253075.53125
4023,215426.703125
4024,154793.71875
4025,159844.9375
4026,155457
4027,128447.7578125
4028,190045.125
4029,154062.8125
4030,213671.546875
4031,171485.015625
4032,104725.8125
4033,129602.5703125
4034,103338.3203125
4035,199557.40625
4036,137409.9375
4037,206674.140625
4038,160797.375
4039,135910.765625
4040,169345.296875
4041,125036.3203125
4042,157138.859375
4043,215018.515625
4044,237355.46875
4045,177426.015625
4046,193615.140625
4047,180780.0625
4048,212753.96875
4049,105798.171875
4050,170206.34375
4051,214214.53125
4052,137939.09375
4053,201219.703125
4054,216487.46875
4055,160697.515625
4056,171333.75
4057,137905.078125
4058,190661.34375
4059,144672.015625
4060,153711.1875
4061,233706.640625
4062,233271.765625
4063,115513.859375
4064,188273.171875
4065,237418.34375
4066,118445.21875
4067,149236.546875
4068,137494.59375
4069,137494.109375
4070,127967.1953125
4071,213904.21875
4072,202268.046875
4073,145943.703125
4074,102181.7421875
4075,172896.875
4076,226114.921875
4077,273012.96875
4078,151029.703125
4079,207140.171875
4080,212336.796875
4081,166765.046875
4082,158481.125
4083,215396.25
4084,246337.28125
4085,153859.3125
4086,153330.21875
4087,195117.296875
4088,147657.390625
4089,213712.390625
4090,138650.140625
4091,254354.546875
4092,191930.359375
4093,139186.328125
4094,134131.953125
4095,167362.875
4096,138552.765625
4097,165122.75
4098,185575.15625
4099,216312.671875
4100,173693.0625
4101,141290.53125
4102,172754.078125
4103,166496.96875
4104,273877.9375
4105,127087.5859375
4106,177625.203125
4107,202058.765625
4108,184242.390625
4109,157564.625
4110,192278.9375
4111,140976.78125
4112,153791.125
4113,125678.46875
4114,143629.734375
4115,137172.4375
4116,210076.84375
4117,197757.1875
4118,198616.6875
4119,157186.078125
4120,122989.8359375
4121,260743.578125
4122,124568.9296875
4123,190177.453125
4124,202736
4125,160090.53125
4126,206612.859375
4127,173300.28125
4128,153882.875
4129,246542.515625
4130,138018.828125
4131,140209.28125
4132,191152.46875
4133,229519.8125
4134,211907.578125
4135,167601.265625
4136,331184.375
4137,130165.296875
4138,233019.421875
4139,156903.171875
4140,156031.6875
4141,109297.7734375
4142,127717.4921875
4143,142949.84375
4144,151173.609375
4145,236815.578125
4146,165405.921875
4147,173972.0625
4148,144938.734375
4149,149500.859375
4150,153141.046875
4151,100714.53125
4152,168756.3125
4153,256661.4375
4154,160207.109375
4155,315620.625
4156,171611.1875
4157,268511.59375
4158,162741.203125
4159,157888.9375
4160,161553.171875
4161,171211.796875
4162,152716.765625
4163,209335.4375
4164,136350.671875
4165,185941.65625
4166,244406.515625
4167,143267.03125
4168,137071.984375
4169,167318.25
4170,123509.7890625
4171,185165.25
4172,219121.734375
4173,148666.953125
4174,207391.953125
4175,174193.609375
4176,198156.625
4177,165415.234375
4178,161847.25
4179,193932.0625
4180,177138.59375
4181,145610.59375
4182,200098.5625
4183,179363.46875
4184,152015.65625
4185,267260.46875
4186,266349.96875
4187,144989.46875
4188,140814.75
4189,176256.140625
4190,168203.125
4191,126329.2734375
4192,168595.78125
4193,159871.890625
4194,100637.484375
4195,171100.765625
4196,179458.265625
4197,203555.375
4198,297122.875
4199,153047.53125
4200,194553.515625
4201,123244.25
4202,176291.6875
4203,176384.59375
4204,168030.71875
4205,216351.6875
4206,147690.390625
4207,154576.328125
4208,132315.4375
4209,124013.625
4210,264230.78125
4211,211997.71875
4212,162014.921875
4213,183959.359375
4214,242677.40625
4215,162801.359375
4216,211751.140625
4217,145204.140625
4218,172596.90625
4219,163183.609375
4220,193606.125
4221,216001.03125
4222,154952.34375
4223,134095.984375
4224,142392.9375
4225,142490.375
4226,236357.46875
4227,205084.15625
4228,156508.265625
4229,198497.765625
4230,243056.015625
4231,146343.09375
4232,131955.0625
4233,195538.015625
4234,189612.40625
4235,137024.03125
4236,146589.78125
4237,116792.6875
4238,126314.0625
4239,134547.703125
4240,207334.640625
4241,168064.234375
4242,142226.625
4243,146343.234375
4244,145175.578125
4245,205872.125
4246,216044.875
4247,188347
4248,123837.1015625
4249,146116.109375
4250,138250.65625
4251,127965.265625
4252,173471.359375
4253,183393.609375
4254,247600.90625
4255,141849.8125
4256,163419.875
4257,192162.09375
4258,191233.125
4259,165004.53125
4260,199508.046875
4261,205222.046875
4262,158159.96875
4263,107086.59375
4264,208814.53125
4265,140642.140625
4266,100585.8359375
4267,135172.03125
4268,149026.65625
4269,271646.125
4270,175240.8125
4271,170025.78125
4272,157393.890625
4273,178534.765625
4274,145851.765625
4275,168619.578125
4276,193113.625
4277,186277.53125
4278,220655.640625
4279,155553.984375
4280,192120.65625
4281,194830.40625
4282,131331.625
4283,270089
4284,140088.4375
4285,144723.109375
4286,86928.65625
4287,160542.65625
4288,154631.296875
4289,172050.984375
4290,193374.46875
4291,144750.421875
4292,174813.96875
4293,152627.359375
4294,147313.125
4295,107796.0546875
4296,150865.125
4297,177984.65625
4298,120550.4921875
4299,149648.171875
4300,132252.953125
4301,183591.34375
4302,213130.109375
4303,140302.765625
4304,116105.0234375
4305,125521.6484375
4306,217451.375
4307,223805.359375
4308,243438.421875
4309,148402.59375
4310,147799.859375
4311,254084.34375
4312,192799.25
4313,179567.625
4314,123502.625
4315,255027.203125
4316,144262.6875
4317,133731.921875
4318,149237.5625
4319,166851.078125
4320,165044.359375
4321,281243.21875
4322,146382.984375
4323,210731.625
4324,169261.140625
4325,192394.625
4326,161111.84375
4327,243239.65625
4328,174246.1875
4329,143503.265625
4330,239879.484375
4331,150762.5625
4332,175568.25
4333,127941.609375
4334,156502.515625
4335,174744.65625
4336,129633.8125
4337,182891.15625
4338,180912.75
4339,132703.46875
4340,166750.21875
4341,131213.59375
4342,253576.828125
4343,211414.703125
4344,195310.25
4345,179090.453125
4346,118464.9765625
4347,133247.625
4348,114044
4349,195835.0625
4350,162022.171875
4351,161927.375
4352,201901.703125
4353,155325.34375
4354,182881.71875
4355,143162.625
4356,220661.546875
4357,208949.40625
4358,164831.75
4359,207722.15625
4360,204736.875
4361,140857.828125
4362,115688.5625
4363,136864.796875
4364,201109.53125
4365,115210.015625
4366,163497.515625
4367,162088.953125
4368,159504.3125
4369,175325.09375
4370,188420.4375
4371,129376.46875
4372,156668.828125
4373,184761.78125
4374,157752.875
4375,146688.734375
4376,189878.359375
4377,164777.9375
4378,173251.15625
4379,175276.171875
4380,171171.34375
4381,212942.90625
4382,214610.21875
4383,175489.59375
4384,116583
4385,194899.625
4386,157555.09375
4387,197554.796875
4388,164277.1875
4389,168897.53125
4390,119805.578125
4391,188255.578125
4392,162803.03125
4393,157170.90625
4394,155485.03125
4395,132197.84375
4396,170100.59375
4397,156998.640625
4398,176214.796875
4399,211150.375
4400,128939.140625
4401,153287.953125
4402,253736.671875
4403,122520.71875
4404,145175.140625
4405,178385.046875
4406,124287.078125
4407,191415.6875
4408,150879.53125
4409,155883.40625
4410,172547.984375
4411,108495.7265625
4412,106795.8828125
4413,170013.875
4414,126667.0625
4415,155456.59375
4416,159654.328125
4417,216980.9375
4418,132714.890625
4419,227208.984375
4420,172049.5
4421,164858.984375
4422,148613.15625
4423,224545.203125
4424,176235.359375
4425,177912.84375
4426,139444.828125
4427,224589.921875
4428,172373.171875
4429,151722.265625
4430,153294.4375
4431,153381
4432,226887.875
4433,227488.328125
4434,135967.421875
4435,177878.140625
4436,130936.09375
4437,165524.5625
4438,216938.46875
4439,187831.421875
4440,125425.21875
4441,178038.5
4442,146708.671875
4443,108712.875
4444,149074.171875
4445,98010.078125
4446,127492.46875
4447,184291.78125
4448,201356.359375
4449,194156.046875
4450,160957.671875
4451,144880.03125
4452,140912.203125
4453,285690.28125
4454,166991.375
4455,166267.625
4456,252971.359375
4457,194432.890625
4458,154133.84375
4459,216490.296875
4460,159252.46875
4461,201440.34375
4462,216705.59375
4463,179471.703125
4464,168678.96875
4465,156927.28125
4466,170094.1875
4467,151815.6875
4468,153121.65625
4469,133631.46875
4470,130360.140625
4471,131719.8125
4472,208530.890625
4473,209786.25
4474,158933.75
4475,149602.3125
4476,203409.671875
4477,245333.78125
4478,234094.4375
4479,185929.203125
4480,122637.953125
4481,172683.84375
4482,167105.75
4483,123530.78125
4484,127676.578125
4485,112343.9140625
4486,212962.859375
4487,185751.515625
4488,130225.59375
4489,174847.609375
4490,278999.59375
4491,136670.953125
4492,138687.171875
4493,174960.1875
4494,114389.2890625
4495,203582.375
4496,174970.9375
4497,212193.328125
4498,204269.890625
4499,139123.203125
4500,180222.5625
4501,113972.015625
4502,174183.34375
4503,250576.734375
4504,177410.296875
4505,166515.890625
4506,172465.640625
4507,152965.34375
4508,141095.46875
4509,168499.703125
4510,182368.453125
4511,185797.828125
4512,93508.859375
4513,175271.875
4514,204741.90625
4515,162276.703125
4516,171821.78125
4517,156477.34375
4518,148315.421875
4519,201602.3125
4520,180294.28125
4521,157949.921875
4522,155265.1875
4523,203497.03125
4524,214319.875
4525,200890.109375
4526,181874.703125
4527,181750.4375
4528,200019.296875
4529,214536.5
4530,161625.984375
4531,165168.3125
4532,133919.390625
4533,165587.953125
4534,126450.984375
4535,125557.5625
4536,171566.59375
4537,204612.109375
4538,164103.453125
4539,181970.375
4540,157062.984375
4541,180617.28125
4542,255462.8125
4543,128643.234375
4544,180206.359375
4545,136253.890625
4546,322588.28125
4547,145732.4375
4548,139913.265625
4549,157799.359375
4550,173234.1875
4551,124768.8984375
4552,172024.046875
4553,159446.71875
4554,136057.46875
4555,164659.421875
4556,186839.90625
4557,159918.765625
4558,169685.375
4559,130579.15625
4560,142414.46875
4561,152590.5625
4562,212771.8125
4563,112481.796875
4564,162869.828125
4565,152629.1875
4566,224319.359375
4567,154793.859375
4568,168091.671875
4569,112287.15625
4570,243594.53125
4571,138544.90625
4572,145189.6875
4573,234267.640625
4574,161495.171875
4575,194946.09375
4576,171426.546875
4577,134243.53125
4578,177179.640625
4579,225696.484375
4580,194234.96875
4581,162692.203125
4582,164485.765625
4583,138331.09375
4584,238677.84375
4585,174556.453125
4586,180446.875
4587,200257.703125
4588,164782.578125
4589,167326.890625
4590,160651.5625
4591,163577.5
4592,139236.25
4593,185127.484375
4594,170000.234375
4595,141518.40625
4596,166856.203125
4597,154166.09375
4598,200252.046875
4599,142022.453125
4600,166413.796875
4601,121821.5546875
4602,188137.40625
4603,122855.3046875
4604,281927.1875
4605,145260.640625
4606,128463.5703125
4607,123524.8671875
4608,288774.6875
4609,199645.921875
4610,159966.203125
4611,214769.78125
4612,148725.40625
4613,148298.953125
4614,150651.578125
4615,155342.703125
4616,177554.703125
4617,153246.03125
4618,160706.5625
4619,97234.1796875
4620,155435.421875
4621,204372.734375
4622,213978.609375
4623,175040.890625
4624,143558.15625
4625,223516.515625
4626,167162.171875
4627,143261.703125
4628,163826.90625
4629,164253.671875
4630,150479.265625
4631,346612.21875
4632,129663.6015625
4633,180671.046875
4634,129508.1484375
4635,170871.28125
4636,123314.375
4637,148885.265625
4638,170170.921875
4639,155054.359375
4640,118613.2890625
4641,171113.609375
4642,256620.734375
4643,146495.125
4644,147476.6875
4645,264110.03125
4646,153591.65625
4647,162667.65625
4648,210540.28125
4649,183082.046875
4650,273012.375
4651,185425.21875
4652,128322.359375
4653,182077.265625
4654,173085.21875
4655,169365.625
4656,173641.390625
4657,165195.890625
4658,191253.96875
4659,201156.671875
4660,184910.5625
4661,177753.171875
4662,171234.8125
4663,154119.59375
4664,136864.703125
4665,193030.796875
4666,161592.28125
4667,143287.359375
4668,173151.671875
4669,153547.171875
4670,151282.453125
4671,170431.59375
4672,273079.6875
4673,117480.03125
4674,137783.984375
4675,169330.625
4676,150828.671875
4677,164810.03125
4678,157509.90625
4679,161414.65625
4680,225611.921875
4681,168688.828125
4682,165796.078125
4683,172969.15625
4684,120759.9296875
4685,161806.375
4686,240839.375
4687,197941.84375
4688,210181.8125
4689,205345.171875
4690,174483.28125
4691,158986.09375
4692,279397.65625
4693,184651
4694,181458.359375
4695,174138.984375
4696,164261.484375
4697,159259.21875
4698,187656.03125
4699,144785.59375
4700,138782.03125
4701,112928.1953125
4702,229786.96875
4703,155651.34375
4704,182330.21875
4705,144143.5625
4706,145797.703125
4707,194722.3125
4708,175881.328125
4709,127005.7265625
4710,168134.578125
4711,168328.75
4712,161256.140625
4713,131021.875
4714,154180.0625
4715,128076.4609375
4716,174411.21875
4717,125763.3828125
4718,245509.859375
4719,224816.640625
4720,188448.921875
4721,295149.5
4722,116010.8515625
4723,116244.25
4724,185239.53125
4725,117818.6015625
4726,128950.2734375
4727,197670.359375
4728,165192.40625
4729,191597.578125
4730,177532.796875
4731,216186.625
4732,171508.40625
4733,162851.953125
4734,126193.7578125
4735,224694.421875
4736,182732.890625
4737,190668.578125
4738,144937.625
4739,111535.0078125
4740,107430.3671875
4741,162282.03125
4742,156983.390625
4743,148994.03125
4744,193699.1875
4745,149952.859375
4746,121625.7421875
4747,188364.46875
4748,171920.015625
4749,159792.4375
4750,147088.078125
4751,147637.0625
4752,174226.515625
4753,214407.234375
4754,128543.4765625
4755,160245.8125
4756,146322.46875
4757,172218.515625
4758,225609.921875
4759,136692.140625
4760,167387.53125
4761,176889.59375
4762,142729.015625
4763,202155.921875
4764,169445.46875
4765,159241.125
4766,149324.96875
4767,204429.65625
4768,161040.890625
4769,150312.125
4770,207708.65625
4771,173470.71875
4772,185019.546875
4773,196504.8125
4774,98669.8046875
4775,303748.875
4776,112646.046875
4777,191728.078125
4778,183596.328125
4779,133915.59375
4780,149307.515625
4781,161187.171875
4782,155781.75
4783,166368.171875
4784,186056.8125
4785,170708.125
4786,168978.234375
4787,141462.46875
4788,170020.71875
4789,117949.734375
4790,149690.140625
4791,149274.78125
4792,152119.3125
4793,203736.21875
4794,183677.109375
4795,134352.1875
4796,179460.34375
4797,155741.90625
4798,174004.8125
4799,140827.34375
4800,156245.953125
4801,162658.734375
4802,151357.640625
4803,136712.765625
4804,178033.625
4805,261059.03125
4806,142555.703125
4807,157713.234375
4808,190379.734375
4809,199929.625
4810,150811.953125
4811,177584.5
4812,104259.5390625
4813,116236.046875
4814,205287.625
4815,195348.21875
4816,280826.09375
4817,128027.8984375
4818,191535.171875
4819,201617.1875
4820,150151.640625
4821,135368.734375
4822,177720.34375
4823,199834.0625
4824,162381.171875
4825,189382.671875
4826,226068.546875
4827,149248.75
4828,267005.96875
4829,261706.4375
4830,235918.90625
4831,160790.84375
4832,129061.703125
4833,157298.09375
4834,158994.1875
4835,178540.53125
4836,153089.203125
4837,181347.265625
4838,177941.46875
4839,104299.3203125
4840,154454.5625
4841,134192.59375
4842,143314.859375
4843,203968.078125
4844,200447.5
4845,114608.453125
4846,174078.390625
4847,93054.046875
4848,205012.015625
4849,198332.890625
4850,205831.8125
4851,182711.5
4852,177553.15625
4853,177960.234375
4854,164682.203125
4855,197901.046875
4856,112460.0703125
4857,165805.359375
4858,195516.984375
4859,156335.4375
4860,222997.609375
4861,162775.90625
4862,147037.828125
4863,177038.953125
4864,202021.421875
4865,197972.421875
4866,197225.375
4867,145526.5625
4868,143464.96875
4869,179066.15625
4870,135208.921875
4871,176786.34375
4872,182470.734375
4873,197020.640625
4874,93105.515625
4875,227052.734375
4876,209193.4375
4877,268225.96875
4878,137367.46875
4879,141090.734375
4880,228471.203125
4881,194526.96875
4882,125344.515625
4883,146983.765625
4884,197076.359375
4885,189318.390625
4886,223246.3125
4887,116319.2578125
4888,219756.28125
4889,167116.984375
4890,126590.375
4891,204346.671875
4892,169930.859375
4893,125848.453125
4894,162970.703125
4895,128121.6015625
4896,149437.046875
4897,200970.25
4898,177991.609375
4899,203024.15625
4900,145026.890625
4901,199276.265625
4902,169279.96875
4903,204627.109375
4904,168658.328125
4905,136522.28125
4906,119942.9765625
4907,190787.1875
4908,139470.3125
4909,144258.734375
4910,106323.2890625
4911,170783.046875
4912,153391.046875
4913,228493.8125
4914,184615.953125
4915,135422.78125
4916,202210.46875
4917,153222.515625
4918,116576.515625
4919,211665.484375
4920,136431.9375
4921,169365.109375
4922,268437.9375
4923,184163.40625
4924,194214.109375
4925,247160.078125
4926,122215.8125
4927,124656.3359375
4928,290579.8125
4929,140707.546875
4930,165733.671875
4931,164552.53125
4932,153982.796875
4933,237234.859375
4934,160916.234375
4935,133886.375
4936,196648.40625
4937,132923.09375
4938,161691.046875
4939,182028.671875
4940,117402.21875
4941,142466.46875
4942,152120.640625
4943,205041.875
4944,178000.34375
4945,128116.3046875
4946,113048.1328125
4947,156032.484375
4948,148473.25
4949,169420.15625
4950,139859
4951,230002.296875
4952,198979.75
4953,176350.75
4954,203391.765625
4955,106159.1171875
4956,131980.671875
4957,181322.84375
4958,183122.3125
4959,212841.3125
4960,173250.046875
4961,113838.625
4962,204577.96875
4963,156037.546875
4964,254365.1875
4965,255507.796875
4966,165187.4375
4967,175291.328125
4968,144221.421875
4969,145352.59375
4970,151252.328125
4971,138560.5
4972,147548.921875
4973,234169.28125
4974,153071.21875
4975,241958.265625
4976,205831.796875
4977,264733.28125
4978,143330.5625
4979,166879.421875
4980,169878.015625
4981,164898.625
4982,158600.140625
4983,234945.234375
4984,151210.390625
4985,193668.21875
4986,249743.4375
4987,224408.046875
4988,191460.578125
4989,133298.578125
4990,142335.890625
4991,140548.09375
4992,130691.421875
4993,182248.125
4994,130517.9921875
4995,234454.390625
4996,162046.375
4997,165030.703125
4998,232162.640625
4999,158370.234375
5000,215925.34375
